deaths_to_reported_ratio_50,deaths_to_reported_ratio_025,deaths_to_reported_ratio_975,estimated_reporting_50,estimated_reporting_025,estimated_reporting_975
NA,NA,NA,NA,NA,NA
NA,NA,NA,NA,NA,NA
NA,NA,NA,NA,NA,NA
NA,NA,NA,NA,NA,NA
NA,NA,NA,NA,NA,NA
NA,NA,NA,NA,NA,NA
NA,NA,NA,NA,NA,NA
NA,NA,NA,NA,NA,NA
NA,NA,NA,NA,NA,NA
NA,NA,NA,NA,NA,NA
NA,NA,NA,NA,NA,NA
NA,NA,NA,NA,NA,NA
NA,NA,NA,NA,NA,NA
NA,NA,NA,NA,NA,NA
NA,NA,NA,NA,NA,NA
NA,NA,NA,NA,NA,NA
NA,NA,NA,NA,NA,NA
NA,NA,NA,NA,NA,NA
NA,NA,NA,NA,NA,NA
NA,NA,NA,NA,NA,NA
NA,NA,NA,NA,NA,NA
NA,NA,NA,NA,NA,NA
NA,NA,NA,NA,NA,NA
NA,NA,NA,NA,NA,NA
NA,NA,NA,NA,NA,NA
NA,NA,NA,NA,NA,NA
NA,NA,NA,NA,NA,NA
NA,NA,NA,NA,NA,NA
NA,NA,NA,NA,NA,NA
NA,NA,NA,NA,NA,NA
NA,NA,NA,NA,NA,NA
NA,NA,NA,NA,NA,NA
NA,NA,NA,NA,NA,NA
NA,NA,NA,NA,NA,NA
NA,NA,NA,NA,NA,NA
NA,NA,NA,NA,NA,NA
NA,NA,NA,NA,NA,NA
NA,NA,NA,NA,NA,NA
NA,NA,NA,NA,NA,NA
NA,NA,NA,NA,NA,NA
NA,NA,NA,NA,NA,NA
NA,NA,NA,NA,NA,NA
NA,NA,NA,NA,NA,NA
NA,NA,NA,NA,NA,NA
NA,NA,NA,NA,NA,NA
NA,NA,NA,NA,NA,NA
NA,NA,NA,NA,NA,NA
NA,NA,NA,NA,NA,NA
NA,NA,NA,NA,NA,NA
NA,NA,NA,NA,NA,NA
NA,NA,NA,NA,NA,NA
NA,NA,NA,NA,NA,NA
NA,NA,NA,NA,NA,NA
NA,NA,NA,NA,NA,NA
NA,NA,NA,NA,NA,NA
NA,NA,NA,NA,NA,NA
NA,NA,NA,NA,NA,NA
NA,NA,NA,NA,NA,NA
0.494,0.002,0.999,0.028,0.013,1
0.496,0.002,0.998,0.028,0.013,1
0.492,0.002,0.998,0.028,0.013,1
0.498,0.001,0.998,0.028,0.013,1
0.5,0.002,0.998,0.028,0.013,1
0.48,0.001,0.998,0.029,0.013,1
0.424,0.001,0.995,0.032,0.013,1
0.345,0.001,0.984,0.04,0.014,1
0.271,0.001,0.959,0.051,0.014,1
0.221,0,0.927,0.062,0.015,1
0.182,0,0.889,0.075,0.015,1
0.16,0,0.835,0.086,0.016,1
0.123,0,0.751,0.112,0.018,1
0.092,0,0.649,0.15,0.021,1
0.062,0,0.501,0.22,0.027,1
0.218,0.021,0.616,0.063,0.022,0.649
0.273,0.061,0.616,0.05,0.022,0.226
0.207,0.045,0.499,0.067,0.027,0.305
0.327,0.118,0.601,0.042,0.023,0.116
0.286,0.103,0.538,0.048,0.025,0.136
0.334,0.144,0.575,0.041,0.024,0.096
0.402,0.189,0.649,0.034,0.021,0.073
0.43,0.203,0.688,0.032,0.02,0.068
0.621,0.357,0.84,0.022,0.016,0.039
0.645,0.363,0.859,0.021,0.016,0.038
0.797,0.551,0.947,0.017,0.014,0.025
0.752,0.529,0.909,0.018,0.015,0.026
0.531,0.333,0.721,0.026,0.019,0.042
0.378,0.22,0.555,0.036,0.024,0.062
0.386,0.24,0.545,0.036,0.025,0.058
0.256,0.144,0.396,0.054,0.034,0.097
0.323,0.204,0.46,0.043,0.03,0.068
0.251,0.153,0.376,0.055,0.036,0.091
0.219,0.131,0.328,0.063,0.041,0.107
0.229,0.147,0.33,0.06,0.041,0.095
0.407,0.315,0.505,0.034,0.027,0.044
0.29,0.216,0.371,0.047,0.036,0.065
0.394,0.321,0.473,0.035,0.028,0.044
0.553,0.483,0.623,0.025,0.021,0.03
0.557,0.492,0.622,0.025,0.021,0.029
0.557,0.495,0.617,0.025,0.021,0.029
0.548,0.491,0.604,0.025,0.022,0.029
0.444,0.391,0.497,0.031,0.026,0.037
0.464,0.414,0.514,0.03,0.025,0.035
0.388,0.343,0.433,0.035,0.03,0.042
0.276,0.24,0.315,0.05,0.042,0.06
NA,NA,NA,NA,NA,NA
NA,NA,NA,NA,NA,NA
NA,NA,NA,NA,NA,NA
NA,NA,NA,NA,NA,NA
NA,NA,NA,NA,NA,NA
NA,NA,NA,NA,NA,NA
NA,NA,NA,NA,NA,NA
NA,NA,NA,NA,NA,NA
NA,NA,NA,NA,NA,NA
NA,NA,NA,NA,NA,NA
NA,NA,NA,NA,NA,NA
NA,NA,NA,NA,NA,NA
NA,NA,NA,NA,NA,NA
NA,NA,NA,NA,NA,NA
NA,NA,NA,NA,NA,NA
NA,NA,NA,NA,NA,NA
NA,NA,NA,NA,NA,NA
NA,NA,NA,NA,NA,NA
NA,NA,NA,NA,NA,NA
NA,NA,NA,NA,NA,NA
NA,NA,NA,NA,NA,NA
NA,NA,NA,NA,NA,NA
NA,NA,NA,NA,NA,NA
NA,NA,NA,NA,NA,NA
NA,NA,NA,NA,NA,NA
NA,NA,NA,NA,NA,NA
NA,NA,NA,NA,NA,NA
NA,NA,NA,NA,NA,NA
NA,NA,NA,NA,NA,NA
NA,NA,NA,NA,NA,NA
NA,NA,NA,NA,NA,NA
NA,NA,NA,NA,NA,NA
NA,NA,NA,NA,NA,NA
NA,NA,NA,NA,NA,NA
NA,NA,NA,NA,NA,NA
NA,NA,NA,NA,NA,NA
NA,NA,NA,NA,NA,NA
NA,NA,NA,NA,NA,NA
NA,NA,NA,NA,NA,NA
NA,NA,NA,NA,NA,NA
NA,NA,NA,NA,NA,NA
NA,NA,NA,NA,NA,NA
NA,NA,NA,NA,NA,NA
NA,NA,NA,NA,NA,NA
NA,NA,NA,NA,NA,NA
NA,NA,NA,NA,NA,NA
NA,NA,NA,NA,NA,NA
NA,NA,NA,NA,NA,NA
NA,NA,NA,NA,NA,NA
NA,NA,NA,NA,NA,NA
NA,NA,NA,NA,NA,NA
NA,NA,NA,NA,NA,NA
NA,NA,NA,NA,NA,NA
NA,NA,NA,NA,NA,NA
NA,NA,NA,NA,NA,NA
NA,NA,NA,NA,NA,NA
NA,NA,NA,NA,NA,NA
NA,NA,NA,NA,NA,NA
0.505,0.001,0.999,0.027,0.013,1
0.51,0.002,0.999,0.027,0.013,1
0.509,0.002,0.998,0.027,0.013,1
0.51,0.002,0.999,0.027,0.013,1
0.493,0.002,0.998,0.028,0.013,1
0.452,0.002,0.997,0.03,0.013,1
0.361,0.001,0.987,0.038,0.014,1
0.234,0.001,0.939,0.059,0.015,1
0.139,0,0.811,0.099,0.017,1
0.086,0,0.638,0.161,0.021,1
0.057,0,0.48,0.241,0.028,1
0.036,0,0.34,0.386,0.04,1
0.027,0,0.255,0.522,0.054,1
0.019,0,0.198,0.717,0.068,1
0.015,0,0.15,0.944,0.091,1
0.058,0.005,0.211,0.237,0.065,1
0.044,0.004,0.163,0.316,0.084,1
0.032,0.003,0.123,0.43,0.111,1
0.023,0.002,0.093,0.583,0.149,1
0.048,0.013,0.115,0.285,0.118,1
0.037,0.01,0.093,0.369,0.146,1
0.038,0.013,0.084,0.363,0.162,1
0.035,0.013,0.073,0.392,0.185,1
0.026,0.01,0.054,0.528,0.252,1
0.026,0.012,0.05,0.52,0.274,1
0.042,0.024,0.065,0.331,0.209,0.57
0.046,0.03,0.067,0.297,0.2,0.466
0.044,0.029,0.062,0.314,0.219,0.472
0.038,0.026,0.053,0.359,0.253,0.528
0.046,0.034,0.06,0.296,0.221,0.403
0.05,0.039,0.063,0.274,0.211,0.361
0.04,0.031,0.05,0.345,0.266,0.455
0.038,0.03,0.048,0.357,0.279,0.462
0.039,0.031,0.047,0.358,0.285,0.452
0.039,0.032,0.047,0.356,0.287,0.447
0.038,0.031,0.045,0.363,0.294,0.449
0.031,0.026,0.037,0.441,0.357,0.549
0.026,0.021,0.031,0.526,0.423,0.662
0.028,0.023,0.033,0.494,0.403,0.61
0.026,0.021,0.031,0.534,0.434,0.658
0.023,0.019,0.028,0.591,0.479,0.737
0.023,0.019,0.028,0.593,0.478,0.734
0.025,0.021,0.03,0.54,0.443,0.664
0.028,0.024,0.033,0.494,0.407,0.605
0.032,0.027,0.037,0.432,0.358,0.52
0.034,0.029,0.039,0.408,0.338,0.495
NA,NA,NA,NA,NA,NA
NA,NA,NA,NA,NA,NA
NA,NA,NA,NA,NA,NA
NA,NA,NA,NA,NA,NA
NA,NA,NA,NA,NA,NA
NA,NA,NA,NA,NA,NA
NA,NA,NA,NA,NA,NA
NA,NA,NA,NA,NA,NA
NA,NA,NA,NA,NA,NA
NA,NA,NA,NA,NA,NA
NA,NA,NA,NA,NA,NA
NA,NA,NA,NA,NA,NA
NA,NA,NA,NA,NA,NA
NA,NA,NA,NA,NA,NA
NA,NA,NA,NA,NA,NA
NA,NA,NA,NA,NA,NA
NA,NA,NA,NA,NA,NA
NA,NA,NA,NA,NA,NA
NA,NA,NA,NA,NA,NA
NA,NA,NA,NA,NA,NA
NA,NA,NA,NA,NA,NA
NA,NA,NA,NA,NA,NA
NA,NA,NA,NA,NA,NA
NA,NA,NA,NA,NA,NA
NA,NA,NA,NA,NA,NA
NA,NA,NA,NA,NA,NA
NA,NA,NA,NA,NA,NA
NA,NA,NA,NA,NA,NA
NA,NA,NA,NA,NA,NA
NA,NA,NA,NA,NA,NA
NA,NA,NA,NA,NA,NA
NA,NA,NA,NA,NA,NA
NA,NA,NA,NA,NA,NA
NA,NA,NA,NA,NA,NA
NA,NA,NA,NA,NA,NA
NA,NA,NA,NA,NA,NA
0.514,0.002,0.999,0.027,0.013,1
0.487,0.002,0.999,0.028,0.013,1
0.498,0.001,0.999,0.028,0.013,1
0.493,0.001,0.998,0.028,0.013,1
0.488,0.001,0.998,0.028,0.013,1
0.467,0.001,0.998,0.029,0.013,1
0.416,0.001,0.995,0.033,0.013,1
0.342,0.001,0.985,0.04,0.014,1
0.268,0.001,0.964,0.051,0.014,1
0.223,0.001,0.928,0.062,0.015,1
0.187,0.001,0.903,0.074,0.015,1
0.181,0,0.875,0.076,0.016,1
0.181,0,0.875,0.077,0.016,1
0.178,0.001,0.876,0.077,0.016,1
0.2,0,0.903,0.069,0.015,1
0.233,0.001,0.94,0.059,0.015,1
0.29,0.001,0.969,0.047,0.014,1
0.358,0.001,0.986,0.039,0.014,1
0.417,0.001,0.995,0.033,0.013,1
0.453,0.001,0.996,0.03,0.013,1
0.484,0.001,0.998,0.029,0.013,1
0.503,0.002,0.998,0.027,0.013,1
0.498,0.002,0.998,0.028,0.013,1
0.508,0.001,0.998,0.027,0.013,1
0.503,0.001,0.998,0.027,0.013,1
0.499,0.001,0.999,0.028,0.013,1
0.506,0.002,0.998,0.027,0.013,1
0.495,0.001,0.999,0.028,0.013,1
0.497,0.001,0.998,0.028,0.013,1
0.502,0.001,0.999,0.027,0.013,1
0.512,0.001,0.999,0.027,0.013,1
0.507,0.002,0.998,0.027,0.013,1
0.48,0.001,0.998,0.029,0.013,1
0.322,0.001,0.981,0.043,0.014,1
0.16,0,0.857,0.086,0.016,1
0.073,0,0.563,0.188,0.024,1
0.474,0.16,0.806,0.029,0.017,0.087
0.232,0.067,0.488,0.059,0.028,0.205
0.116,0.032,0.271,0.118,0.051,0.427
0.085,0.029,0.183,0.163,0.075,0.466
0.052,0.017,0.116,0.263,0.117,0.838
0.045,0.017,0.092,0.308,0.147,0.827
0.034,0.013,0.071,0.408,0.191,1
0.059,0.031,0.098,0.233,0.139,0.445
0.079,0.049,0.119,0.173,0.114,0.282
0.125,0.09,0.168,0.11,0.08,0.155
0.194,0.154,0.238,0.071,0.056,0.092
0.18,0.145,0.22,0.076,0.06,0.098
0.172,0.14,0.207,0.08,0.064,0.101
0.198,0.167,0.232,0.069,0.057,0.085
0.228,0.199,0.26,0.06,0.051,0.072
0.229,0.202,0.258,0.06,0.051,0.071
0.241,0.216,0.267,0.057,0.049,0.067
0.227,0.204,0.251,0.061,0.052,0.071
0.235,0.214,0.257,0.058,0.051,0.067
0.236,0.216,0.255,0.058,0.051,0.067
0.276,0.258,0.295,0.05,0.044,0.057
0.266,0.249,0.284,0.052,0.045,0.059
0.28,0.264,0.297,0.049,0.043,0.056
0.259,0.245,0.275,0.053,0.047,0.06
0.239,0.226,0.253,0.057,0.051,0.065
0.221,0.209,0.233,0.062,0.055,0.07
0.207,0.196,0.218,0.066,0.059,0.075
0.213,0.203,0.223,0.065,0.057,0.073
0.2,0.191,0.21,0.069,0.061,0.077
0.196,0.187,0.205,0.07,0.062,0.079
0.227,0.218,0.236,0.061,0.054,0.068
0.238,0.229,0.247,0.058,0.051,0.065
NA,NA,NA,NA,NA,NA
NA,NA,NA,NA,NA,NA
NA,NA,NA,NA,NA,NA
NA,NA,NA,NA,NA,NA
NA,NA,NA,NA,NA,NA
NA,NA,NA,NA,NA,NA
NA,NA,NA,NA,NA,NA
NA,NA,NA,NA,NA,NA
NA,NA,NA,NA,NA,NA
NA,NA,NA,NA,NA,NA
NA,NA,NA,NA,NA,NA
NA,NA,NA,NA,NA,NA
NA,NA,NA,NA,NA,NA
NA,NA,NA,NA,NA,NA
NA,NA,NA,NA,NA,NA
NA,NA,NA,NA,NA,NA
NA,NA,NA,NA,NA,NA
NA,NA,NA,NA,NA,NA
NA,NA,NA,NA,NA,NA
NA,NA,NA,NA,NA,NA
NA,NA,NA,NA,NA,NA
NA,NA,NA,NA,NA,NA
NA,NA,NA,NA,NA,NA
NA,NA,NA,NA,NA,NA
NA,NA,NA,NA,NA,NA
NA,NA,NA,NA,NA,NA
NA,NA,NA,NA,NA,NA
NA,NA,NA,NA,NA,NA
NA,NA,NA,NA,NA,NA
NA,NA,NA,NA,NA,NA
NA,NA,NA,NA,NA,NA
NA,NA,NA,NA,NA,NA
NA,NA,NA,NA,NA,NA
NA,NA,NA,NA,NA,NA
NA,NA,NA,NA,NA,NA
NA,NA,NA,NA,NA,NA
NA,NA,NA,NA,NA,NA
NA,NA,NA,NA,NA,NA
NA,NA,NA,NA,NA,NA
NA,NA,NA,NA,NA,NA
NA,NA,NA,NA,NA,NA
NA,NA,NA,NA,NA,NA
NA,NA,NA,NA,NA,NA
NA,NA,NA,NA,NA,NA
NA,NA,NA,NA,NA,NA
NA,NA,NA,NA,NA,NA
NA,NA,NA,NA,NA,NA
NA,NA,NA,NA,NA,NA
NA,NA,NA,NA,NA,NA
NA,NA,NA,NA,NA,NA
NA,NA,NA,NA,NA,NA
NA,NA,NA,NA,NA,NA
NA,NA,NA,NA,NA,NA
NA,NA,NA,NA,NA,NA
NA,NA,NA,NA,NA,NA
NA,NA,NA,NA,NA,NA
NA,NA,NA,NA,NA,NA
NA,NA,NA,NA,NA,NA
0.502,0.001,0.998,0.027,0.013,1
0.518,0.002,0.999,0.027,0.013,1
0.511,0.001,0.998,0.027,0.013,1
0.503,0.001,0.999,0.027,0.013,1
0.499,0.001,0.998,0.028,0.013,1
0.465,0.002,0.998,0.03,0.013,1
0.425,0.001,0.996,0.032,0.013,1
0.336,0.001,0.985,0.041,0.014,1
0.269,0.001,0.96,0.051,0.014,1
0.214,0,0.923,0.064,0.015,1
0.179,0,0.874,0.077,0.016,1
0.153,0,0.823,0.09,0.017,1
0.13,0,0.793,0.106,0.017,1
0.121,0,0.736,0.114,0.019,1
0.109,0,0.697,0.127,0.019,1
0.085,0,0.613,0.161,0.023,1
0.06,0,0.485,0.231,0.028,1
0.039,0,0.365,0.349,0.037,1
0.028,0,0.27,0.497,0.051,1
0.019,0,0.187,0.71,0.073,1
0.072,0.007,0.258,0.191,0.053,1
0.183,0.064,0.374,0.075,0.037,0.216
0.2,0.087,0.36,0.069,0.038,0.159
0.267,0.149,0.415,0.052,0.033,0.094
0.32,0.209,0.446,0.043,0.03,0.067
0.327,0.229,0.437,0.042,0.031,0.061
0.33,0.246,0.422,0.042,0.032,0.057
0.327,0.252,0.407,0.042,0.033,0.056
0.287,0.225,0.355,0.048,0.038,0.062
0.284,0.231,0.341,0.049,0.039,0.061
0.235,0.192,0.281,0.059,0.047,0.074
0.201,0.167,0.239,0.068,0.056,0.085
0.171,0.144,0.202,0.08,0.066,0.098
0.146,0.124,0.171,0.094,0.078,0.115
0.141,0.122,0.163,0.097,0.081,0.117
0.137,0.119,0.156,0.1,0.085,0.119
0.14,0.123,0.158,0.098,0.084,0.116
0.146,0.13,0.162,0.094,0.081,0.11
0.155,0.14,0.171,0.089,0.076,0.103
0.155,0.14,0.17,0.089,0.077,0.103
0.161,0.147,0.176,0.086,0.074,0.099
0.176,0.161,0.19,0.078,0.068,0.09
0.191,0.177,0.206,0.072,0.063,0.082
0.195,0.181,0.208,0.071,0.062,0.08
0.183,0.171,0.196,0.075,0.066,0.085
0.158,0.147,0.169,0.087,0.076,0.099
NA,NA,NA,NA,NA,NA
NA,NA,NA,NA,NA,NA
NA,NA,NA,NA,NA,NA
NA,NA,NA,NA,NA,NA
NA,NA,NA,NA,NA,NA
NA,NA,NA,NA,NA,NA
NA,NA,NA,NA,NA,NA
NA,NA,NA,NA,NA,NA
NA,NA,NA,NA,NA,NA
NA,NA,NA,NA,NA,NA
NA,NA,NA,NA,NA,NA
NA,NA,NA,NA,NA,NA
NA,NA,NA,NA,NA,NA
NA,NA,NA,NA,NA,NA
NA,NA,NA,NA,NA,NA
NA,NA,NA,NA,NA,NA
NA,NA,NA,NA,NA,NA
NA,NA,NA,NA,NA,NA
NA,NA,NA,NA,NA,NA
NA,NA,NA,NA,NA,NA
NA,NA,NA,NA,NA,NA
NA,NA,NA,NA,NA,NA
NA,NA,NA,NA,NA,NA
NA,NA,NA,NA,NA,NA
NA,NA,NA,NA,NA,NA
NA,NA,NA,NA,NA,NA
NA,NA,NA,NA,NA,NA
0.498,0.001,0.999,0.028,0.013,1
0.512,0.001,0.998,0.027,0.013,1
0.5,0.001,0.999,0.028,0.013,1
0.51,0.002,0.998,0.027,0.013,1
0.5,0.001,0.998,0.027,0.013,1
0.471,0.001,0.998,0.029,0.013,1
0.417,0.001,0.995,0.033,0.013,1
0.33,0.001,0.979,0.042,0.014,1
0.235,0,0.937,0.058,0.015,1
0.169,0,0.854,0.082,0.016,1
0.128,0,0.77,0.108,0.018,1
0.096,0,0.668,0.142,0.021,1
0.081,0,0.598,0.17,0.023,1
0.073,0,0.569,0.188,0.024,1
0.066,0,0.539,0.206,0.025,1
0.069,0,0.548,0.198,0.025,1
0.07,0,0.546,0.196,0.025,1
0.072,0,0.568,0.192,0.024,1
0.076,0,0.579,0.182,0.024,1
0.077,0,0.579,0.179,0.024,1
0.071,0,0.566,0.195,0.024,1
0.069,0,0.549,0.2,0.025,1
0.07,0,0.545,0.199,0.025,1
0.068,0,0.542,0.203,0.025,1
0.074,0,0.575,0.188,0.024,1
0.083,0,0.601,0.167,0.023,1
0.097,0,0.668,0.143,0.021,1
0.115,0,0.726,0.12,0.019,1
0.134,0,0.794,0.101,0.017,1
0.152,0,0.823,0.091,0.017,1
0.161,0,0.854,0.086,0.016,1
0.161,0,0.846,0.085,0.016,1
0.158,0,0.833,0.087,0.016,1
0.151,0,0.835,0.091,0.016,1
0.144,0,0.824,0.096,0.017,1
0.136,0,0.802,0.1,0.017,1
0.132,0,0.782,0.105,0.017,1
0.112,0,0.716,0.122,0.019,1
0.095,0,0.656,0.145,0.021,1
0.074,0,0.58,0.186,0.023,1
0.056,0,0.484,0.245,0.028,1
0.046,0,0.4,0.301,0.034,1
0.034,0,0.306,0.404,0.045,1
0.129,0.012,0.426,0.106,0.032,1
0.105,0.01,0.348,0.131,0.039,1
0.084,0.008,0.296,0.163,0.046,1
0.068,0.006,0.246,0.203,0.056,1
0.056,0.005,0.2,0.248,0.068,1
0.047,0.005,0.172,0.295,0.079,1
0.041,0.004,0.154,0.336,0.09,1
0.093,0.026,0.218,0.148,0.062,0.532
0.183,0.085,0.322,0.075,0.042,0.164
0.177,0.086,0.303,0.078,0.045,0.161
0.164,0.085,0.277,0.083,0.049,0.165
0.161,0.088,0.258,0.085,0.053,0.157
0.193,0.121,0.283,0.071,0.047,0.115
0.162,0.104,0.237,0.085,0.057,0.133
0.126,0.081,0.182,0.109,0.074,0.17
0.088,0.055,0.129,0.156,0.104,0.251
0.089,0.06,0.126,0.154,0.107,0.232
0.076,0.052,0.106,0.18,0.127,0.266
0.085,0.062,0.112,0.162,0.121,0.227
0.07,0.052,0.092,0.197,0.147,0.273
0.057,0.041,0.075,0.242,0.178,0.337
0.076,0.059,0.094,0.182,0.142,0.239
0.068,0.053,0.084,0.203,0.159,0.262
0.059,0.047,0.073,0.231,0.181,0.299
0.063,0.052,0.076,0.219,0.177,0.273
0.066,0.056,0.078,0.207,0.17,0.254
0.068,0.058,0.078,0.204,0.171,0.245
0.071,0.062,0.08,0.194,0.164,0.231
0.063,0.056,0.071,0.217,0.184,0.255
0.066,0.059,0.074,0.209,0.179,0.244
0.066,0.059,0.073,0.208,0.18,0.243
0.067,0.061,0.074,0.205,0.177,0.238
0.062,0.056,0.069,0.22,0.19,0.254
0.063,0.058,0.069,0.218,0.188,0.251
NA,NA,NA,NA,NA,NA
0.499,0.002,0.999,0.028,0.013,1
0.504,0.002,0.998,0.027,0.013,1
0.501,0.002,0.998,0.028,0.013,1
0.484,0.002,0.998,0.028,0.013,1
0.417,0.001,0.995,0.033,0.013,1
0.205,0.001,0.914,0.067,0.015,1
0.075,0,0.57,0.181,0.024,1
0.031,0,0.304,0.44,0.045,1
0.019,0,0.184,0.736,0.074,1
0.012,0,0.125,1,0.111,1
0.046,0.004,0.169,0.302,0.081,1
0.035,0.003,0.133,0.39,0.102,1
0.03,0.003,0.114,0.455,0.121,1
0.027,0.003,0.101,0.514,0.135,1
0.048,0.009,0.138,0.289,0.1,1
0.05,0.01,0.142,0.272,0.097,1
0.056,0.011,0.159,0.245,0.086,1
0.036,0.003,0.134,0.38,0.102,1
0.083,0.016,0.222,0.166,0.062,0.84
0.112,0.023,0.294,0.123,0.047,0.6
0.391,0.167,0.651,0.035,0.021,0.083
1,1,1,0.014,0.012,0.015
1,1,1,0.014,0.012,0.015
1,1,1,0.014,0.012,0.015
1,1,1,0.014,0.012,0.015
1,1,1,0.014,0.012,0.015
1,1,1,0.014,0.012,0.015
1,1,1,0.014,0.012,0.015
0.705,0.631,0.772,0.02,0.017,0.023
0.605,0.544,0.663,0.023,0.02,0.026
0.503,0.454,0.554,0.027,0.024,0.032
0.41,0.369,0.45,0.034,0.029,0.039
0.324,0.292,0.358,0.042,0.037,0.049
0.253,0.228,0.28,0.054,0.047,0.063
0.198,0.18,0.218,0.069,0.06,0.08
0.154,0.14,0.169,0.089,0.077,0.103
0.12,0.109,0.131,0.114,0.099,0.132
0.095,0.087,0.104,0.145,0.126,0.166
0.08,0.073,0.087,0.172,0.15,0.198
0.069,0.063,0.075,0.199,0.173,0.228
0.061,0.056,0.066,0.225,0.196,0.257
0.055,0.051,0.06,0.249,0.217,0.284
0.05,0.046,0.054,0.276,0.242,0.315
0.056,0.052,0.06,0.245,0.216,0.278
0.046,0.043,0.049,0.299,0.263,0.34
0.045,0.042,0.048,0.308,0.271,0.351
0.044,0.041,0.047,0.314,0.276,0.357
0.042,0.039,0.044,0.331,0.292,0.376
0.039,0.037,0.042,0.349,0.307,0.396
0.04,0.038,0.043,0.342,0.301,0.388
0.033,0.03,0.035,0.421,0.37,0.478
0.035,0.033,0.038,0.391,0.344,0.444
0.031,0.029,0.034,0.438,0.384,0.497
0.028,0.026,0.03,0.496,0.436,0.562
0.028,0.026,0.03,0.493,0.434,0.559
0.026,0.025,0.028,0.523,0.459,0.595
0.024,0.022,0.025,0.584,0.513,0.665
0.022,0.02,0.023,0.634,0.555,0.722
0.021,0.019,0.023,0.654,0.57,0.748
0.022,0.02,0.024,0.633,0.551,0.73
0.023,0.021,0.025,0.596,0.517,0.688
0.022,0.019,0.024,0.636,0.544,0.743
0.024,0.021,0.027,0.57,0.488,0.667
0.029,0.026,0.032,0.477,0.407,0.56
0.036,0.032,0.041,0.378,0.322,0.444
0.043,0.038,0.048,0.323,0.275,0.381
0.048,0.042,0.054,0.289,0.245,0.341
0.054,0.048,0.061,0.254,0.215,0.3
0.057,0.05,0.064,0.242,0.205,0.288
0.059,0.051,0.067,0.235,0.197,0.28
0.059,0.051,0.068,0.231,0.194,0.277
0.058,0.049,0.067,0.238,0.198,0.287
0.055,0.046,0.064,0.252,0.208,0.309
0.055,0.046,0.065,0.249,0.203,0.307
0.054,0.044,0.065,0.255,0.207,0.319
0.057,0.047,0.069,0.24,0.192,0.302
0.064,0.051,0.077,0.216,0.173,0.274
0.073,0.059,0.09,0.188,0.149,0.24
0.088,0.07,0.108,0.156,0.123,0.201
0.106,0.085,0.13,0.13,0.103,0.166
0.117,0.092,0.145,0.117,0.092,0.153
0.141,0.111,0.175,0.097,0.077,0.127
0.168,0.131,0.211,0.082,0.063,0.107
0.203,0.159,0.254,0.068,0.053,0.089
0.191,0.143,0.245,0.072,0.055,0.098
0.204,0.153,0.261,0.068,0.052,0.092
0.213,0.161,0.273,0.064,0.049,0.087
0.188,0.14,0.243,0.073,0.055,0.101
0.163,0.119,0.213,0.084,0.063,0.118
0.115,0.081,0.156,0.12,0.086,0.172
0.086,0.059,0.12,0.16,0.112,0.237
0.066,0.044,0.094,0.208,0.144,0.314
0.058,0.039,0.083,0.237,0.163,0.358
0.062,0.043,0.086,0.222,0.158,0.327
0.059,0.041,0.08,0.234,0.168,0.344
0.051,0.035,0.071,0.271,0.191,0.401
0.047,0.032,0.066,0.29,0.204,0.429
0.041,0.027,0.058,0.337,0.233,0.509
0.041,0.028,0.058,0.335,0.233,0.501
0.035,0.023,0.05,0.397,0.27,0.612
0.021,0.012,0.034,0.646,0.398,1
0.02,0.011,0.033,0.683,0.416,1
0.016,0.008,0.028,0.864,0.491,1
NA,NA,NA,NA,NA,NA
NA,NA,NA,NA,NA,NA
NA,NA,NA,NA,NA,NA
NA,NA,NA,NA,NA,NA
NA,NA,NA,NA,NA,NA
NA,NA,NA,NA,NA,NA
NA,NA,NA,NA,NA,NA
NA,NA,NA,NA,NA,NA
NA,NA,NA,NA,NA,NA
NA,NA,NA,NA,NA,NA
NA,NA,NA,NA,NA,NA
NA,NA,NA,NA,NA,NA
NA,NA,NA,NA,NA,NA
NA,NA,NA,NA,NA,NA
NA,NA,NA,NA,NA,NA
NA,NA,NA,NA,NA,NA
NA,NA,NA,NA,NA,NA
NA,NA,NA,NA,NA,NA
NA,NA,NA,NA,NA,NA
NA,NA,NA,NA,NA,NA
NA,NA,NA,NA,NA,NA
NA,NA,NA,NA,NA,NA
NA,NA,NA,NA,NA,NA
NA,NA,NA,NA,NA,NA
NA,NA,NA,NA,NA,NA
NA,NA,NA,NA,NA,NA
NA,NA,NA,NA,NA,NA
NA,NA,NA,NA,NA,NA
NA,NA,NA,NA,NA,NA
NA,NA,NA,NA,NA,NA
NA,NA,NA,NA,NA,NA
NA,NA,NA,NA,NA,NA
NA,NA,NA,NA,NA,NA
NA,NA,NA,NA,NA,NA
NA,NA,NA,NA,NA,NA
NA,NA,NA,NA,NA,NA
NA,NA,NA,NA,NA,NA
NA,NA,NA,NA,NA,NA
NA,NA,NA,NA,NA,NA
NA,NA,NA,NA,NA,NA
NA,NA,NA,NA,NA,NA
NA,NA,NA,NA,NA,NA
NA,NA,NA,NA,NA,NA
NA,NA,NA,NA,NA,NA
NA,NA,NA,NA,NA,NA
NA,NA,NA,NA,NA,NA
NA,NA,NA,NA,NA,NA
NA,NA,NA,NA,NA,NA
NA,NA,NA,NA,NA,NA
NA,NA,NA,NA,NA,NA
NA,NA,NA,NA,NA,NA
NA,NA,NA,NA,NA,NA
NA,NA,NA,NA,NA,NA
NA,NA,NA,NA,NA,NA
NA,NA,NA,NA,NA,NA
NA,NA,NA,NA,NA,NA
NA,NA,NA,NA,NA,NA
NA,NA,NA,NA,NA,NA
NA,NA,NA,NA,NA,NA
NA,NA,NA,NA,NA,NA
NA,NA,NA,NA,NA,NA
NA,NA,NA,NA,NA,NA
NA,NA,NA,NA,NA,NA
NA,NA,NA,NA,NA,NA
NA,NA,NA,NA,NA,NA
NA,NA,NA,NA,NA,NA
NA,NA,NA,NA,NA,NA
NA,NA,NA,NA,NA,NA
0.484,0.002,0.998,0.029,0.013,1
0.49,0.001,0.998,0.028,0.013,1
0.507,0.002,0.999,0.027,0.013,1
0.5,0.002,0.998,0.028,0.013,1
0.511,0.001,0.998,0.027,0.013,1
0.486,0.001,0.997,0.028,0.013,1
0.419,0.001,0.995,0.033,0.013,1
0.335,0.001,0.983,0.041,0.014,1
0.256,0.001,0.953,0.054,0.014,1
0.182,0,0.883,0.076,0.015,1
0.129,0,0.772,0.107,0.018,1
0.082,0,0.619,0.168,0.022,1
0.054,0,0.451,0.253,0.03,1
0.034,0,0.325,0.4,0.042,1
0.114,0.011,0.383,0.121,0.035,1
0.133,0.027,0.351,0.104,0.039,0.507
0.132,0.037,0.298,0.104,0.045,0.375
0.094,0.026,0.219,0.146,0.062,0.528
0.092,0.031,0.197,0.15,0.069,0.443
0.104,0.043,0.196,0.133,0.069,0.319
0.08,0.033,0.153,0.172,0.089,0.411
0.053,0.02,0.108,0.26,0.126,0.687
0.067,0.032,0.119,0.206,0.114,0.44
0.075,0.04,0.126,0.184,0.108,0.348
0.073,0.041,0.117,0.189,0.116,0.341
0.06,0.034,0.098,0.228,0.139,0.403
0.051,0.029,0.083,0.269,0.165,0.483
0.064,0.04,0.097,0.214,0.14,0.343
0.079,0.053,0.111,0.173,0.121,0.264
0.07,0.047,0.098,0.197,0.137,0.298
0.082,0.057,0.112,0.168,0.121,0.243
0.08,0.057,0.109,0.171,0.124,0.245
0.082,0.06,0.11,0.167,0.122,0.235
0.1,0.075,0.127,0.138,0.106,0.186
0.1,0.077,0.126,0.138,0.106,0.183
0.112,0.089,0.139,0.123,0.096,0.157
NA,NA,NA,NA,NA,NA
NA,NA,NA,NA,NA,NA
NA,NA,NA,NA,NA,NA
NA,NA,NA,NA,NA,NA
NA,NA,NA,NA,NA,NA
NA,NA,NA,NA,NA,NA
NA,NA,NA,NA,NA,NA
NA,NA,NA,NA,NA,NA
NA,NA,NA,NA,NA,NA
NA,NA,NA,NA,NA,NA
NA,NA,NA,NA,NA,NA
NA,NA,NA,NA,NA,NA
NA,NA,NA,NA,NA,NA
NA,NA,NA,NA,NA,NA
NA,NA,NA,NA,NA,NA
NA,NA,NA,NA,NA,NA
NA,NA,NA,NA,NA,NA
NA,NA,NA,NA,NA,NA
NA,NA,NA,NA,NA,NA
NA,NA,NA,NA,NA,NA
NA,NA,NA,NA,NA,NA
NA,NA,NA,NA,NA,NA
NA,NA,NA,NA,NA,NA
NA,NA,NA,NA,NA,NA
NA,NA,NA,NA,NA,NA
NA,NA,NA,NA,NA,NA
NA,NA,NA,NA,NA,NA
NA,NA,NA,NA,NA,NA
NA,NA,NA,NA,NA,NA
NA,NA,NA,NA,NA,NA
NA,NA,NA,NA,NA,NA
NA,NA,NA,NA,NA,NA
NA,NA,NA,NA,NA,NA
NA,NA,NA,NA,NA,NA
NA,NA,NA,NA,NA,NA
NA,NA,NA,NA,NA,NA
NA,NA,NA,NA,NA,NA
NA,NA,NA,NA,NA,NA
NA,NA,NA,NA,NA,NA
NA,NA,NA,NA,NA,NA
NA,NA,NA,NA,NA,NA
NA,NA,NA,NA,NA,NA
NA,NA,NA,NA,NA,NA
NA,NA,NA,NA,NA,NA
NA,NA,NA,NA,NA,NA
NA,NA,NA,NA,NA,NA
NA,NA,NA,NA,NA,NA
NA,NA,NA,NA,NA,NA
NA,NA,NA,NA,NA,NA
NA,NA,NA,NA,NA,NA
NA,NA,NA,NA,NA,NA
NA,NA,NA,NA,NA,NA
NA,NA,NA,NA,NA,NA
NA,NA,NA,NA,NA,NA
NA,NA,NA,NA,NA,NA
NA,NA,NA,NA,NA,NA
NA,NA,NA,NA,NA,NA
NA,NA,NA,NA,NA,NA
NA,NA,NA,NA,NA,NA
NA,NA,NA,NA,NA,NA
NA,NA,NA,NA,NA,NA
NA,NA,NA,NA,NA,NA
NA,NA,NA,NA,NA,NA
0.508,0.002,0.998,0.027,0.013,1
0.491,0.002,0.998,0.028,0.013,1
0.506,0.001,0.998,0.027,0.013,1
0.497,0.001,0.999,0.028,0.013,1
0.487,0.002,0.998,0.028,0.013,1
0.424,0.001,0.995,0.032,0.013,1
0.294,0.001,0.972,0.047,0.014,1
0.171,0,0.874,0.081,0.016,1
0.097,0,0.674,0.141,0.02,1
0.065,0,0.512,0.211,0.027,1
0.042,0,0.396,0.325,0.035,1
0.03,0,0.276,0.456,0.05,1
0.021,0,0.203,0.657,0.067,1
0.015,0,0.152,0.94,0.089,1
0.011,0,0.118,1,0.117,1
0.008,0,0.089,1,0.154,1
0.006,0,0.063,1,0.214,1
0.004,0,0.049,1,0.278,1
0.003,0,0.037,1,0.371,1
0.002,0,0.027,1,0.507,1
0.009,0.001,0.037,1,0.365,1
0.007,0.001,0.029,1,0.48,1
0.015,0.004,0.038,0.912,0.358,1
0.023,0.01,0.047,0.585,0.293,1
0.028,0.014,0.05,0.491,0.274,0.995
0.023,0.011,0.04,0.604,0.341,1
0.023,0.012,0.038,0.605,0.357,1
0.026,0.015,0.04,0.536,0.337,0.925
0.034,0.022,0.049,0.404,0.275,0.626
0.037,0.025,0.052,0.372,0.26,0.557
0.039,0.027,0.053,0.354,0.252,0.506
0.037,0.027,0.051,0.369,0.268,0.523
0.042,0.031,0.055,0.327,0.244,0.449
0.041,0.031,0.053,0.335,0.251,0.453
0.039,0.03,0.051,0.351,0.265,0.471
0.038,0.029,0.048,0.365,0.279,0.49
0.037,0.028,0.047,0.374,0.287,0.501
0.036,0.028,0.046,0.381,0.294,0.501
0.039,0.03,0.049,0.353,0.274,0.461
0.037,0.029,0.046,0.374,0.292,0.491
0.038,0.03,0.048,0.359,0.28,0.466
NA,NA,NA,NA,NA,NA
NA,NA,NA,NA,NA,NA
NA,NA,NA,NA,NA,NA
NA,NA,NA,NA,NA,NA
NA,NA,NA,NA,NA,NA
NA,NA,NA,NA,NA,NA
NA,NA,NA,NA,NA,NA
NA,NA,NA,NA,NA,NA
NA,NA,NA,NA,NA,NA
NA,NA,NA,NA,NA,NA
NA,NA,NA,NA,NA,NA
NA,NA,NA,NA,NA,NA
NA,NA,NA,NA,NA,NA
NA,NA,NA,NA,NA,NA
NA,NA,NA,NA,NA,NA
NA,NA,NA,NA,NA,NA
NA,NA,NA,NA,NA,NA
NA,NA,NA,NA,NA,NA
NA,NA,NA,NA,NA,NA
NA,NA,NA,NA,NA,NA
NA,NA,NA,NA,NA,NA
NA,NA,NA,NA,NA,NA
NA,NA,NA,NA,NA,NA
NA,NA,NA,NA,NA,NA
NA,NA,NA,NA,NA,NA
NA,NA,NA,NA,NA,NA
NA,NA,NA,NA,NA,NA
NA,NA,NA,NA,NA,NA
NA,NA,NA,NA,NA,NA
NA,NA,NA,NA,NA,NA
NA,NA,NA,NA,NA,NA
NA,NA,NA,NA,NA,NA
NA,NA,NA,NA,NA,NA
NA,NA,NA,NA,NA,NA
NA,NA,NA,NA,NA,NA
NA,NA,NA,NA,NA,NA
NA,NA,NA,NA,NA,NA
NA,NA,NA,NA,NA,NA
NA,NA,NA,NA,NA,NA
NA,NA,NA,NA,NA,NA
NA,NA,NA,NA,NA,NA
NA,NA,NA,NA,NA,NA
NA,NA,NA,NA,NA,NA
NA,NA,NA,NA,NA,NA
NA,NA,NA,NA,NA,NA
NA,NA,NA,NA,NA,NA
NA,NA,NA,NA,NA,NA
NA,NA,NA,NA,NA,NA
NA,NA,NA,NA,NA,NA
NA,NA,NA,NA,NA,NA
NA,NA,NA,NA,NA,NA
NA,NA,NA,NA,NA,NA
NA,NA,NA,NA,NA,NA
NA,NA,NA,NA,NA,NA
NA,NA,NA,NA,NA,NA
NA,NA,NA,NA,NA,NA
NA,NA,NA,NA,NA,NA
NA,NA,NA,NA,NA,NA
NA,NA,NA,NA,NA,NA
0.496,0.002,0.999,0.028,0.013,1
0.509,0.002,0.999,0.027,0.013,1
0.507,0.002,0.998,0.027,0.013,1
0.509,0.002,0.998,0.027,0.013,1
0.509,0.002,0.998,0.027,0.013,1
0.466,0.001,0.998,0.029,0.013,1
0.413,0.001,0.995,0.033,0.013,1
0.317,0.001,0.982,0.043,0.014,1
0.232,0.001,0.935,0.059,0.015,1
0.16,0,0.851,0.086,0.016,1
0.113,0,0.734,0.122,0.019,1
0.084,0,0.621,0.164,0.022,1
0.059,0,0.487,0.232,0.028,1
0.043,0,0.387,0.323,0.035,1
0.031,0,0.296,0.447,0.046,1
0.023,0,0.216,0.61,0.063,1
0.015,0,0.164,0.891,0.083,1
0.057,0.005,0.212,0.242,0.064,1
0.034,0.003,0.125,0.405,0.109,1
0.064,0.021,0.141,0.216,0.097,0.663
0.033,0.011,0.074,0.414,0.184,1
0.028,0.011,0.056,0.49,0.244,1
0.027,0.013,0.048,0.509,0.283,1
0.028,0.016,0.046,0.488,0.296,0.88
0.021,0.011,0.034,0.658,0.396,1
0.034,0.022,0.05,0.4,0.272,0.626
0.038,0.026,0.054,0.358,0.249,0.529
0.04,0.028,0.056,0.34,0.241,0.505
0.048,0.035,0.065,0.285,0.206,0.404
0.064,0.047,0.084,0.215,0.159,0.297
0.084,0.064,0.108,0.163,0.124,0.218
0.105,0.081,0.132,0.132,0.101,0.173
0.099,0.076,0.126,0.139,0.106,0.184
0.11,0.085,0.139,0.125,0.096,0.165
0.131,0.105,0.161,0.105,0.083,0.134
0.146,0.119,0.178,0.094,0.075,0.119
0.144,0.117,0.174,0.095,0.077,0.12
0.146,0.12,0.173,0.094,0.077,0.118
0.147,0.122,0.173,0.094,0.077,0.116
0.135,0.113,0.159,0.102,0.083,0.126
0.124,0.104,0.146,0.111,0.091,0.137
0.112,0.094,0.132,0.123,0.101,0.151
0.1,0.083,0.119,0.137,0.112,0.169
0.085,0.071,0.101,0.161,0.131,0.199
0.07,0.058,0.085,0.195,0.157,0.245
NA,NA,NA,NA,NA,NA
NA,NA,NA,NA,NA,NA
NA,NA,NA,NA,NA,NA
NA,NA,NA,NA,NA,NA
NA,NA,NA,NA,NA,NA
NA,NA,NA,NA,NA,NA
NA,NA,NA,NA,NA,NA
NA,NA,NA,NA,NA,NA
NA,NA,NA,NA,NA,NA
NA,NA,NA,NA,NA,NA
NA,NA,NA,NA,NA,NA
NA,NA,NA,NA,NA,NA
NA,NA,NA,NA,NA,NA
NA,NA,NA,NA,NA,NA
NA,NA,NA,NA,NA,NA
NA,NA,NA,NA,NA,NA
NA,NA,NA,NA,NA,NA
NA,NA,NA,NA,NA,NA
NA,NA,NA,NA,NA,NA
NA,NA,NA,NA,NA,NA
NA,NA,NA,NA,NA,NA
NA,NA,NA,NA,NA,NA
NA,NA,NA,NA,NA,NA
NA,NA,NA,NA,NA,NA
NA,NA,NA,NA,NA,NA
NA,NA,NA,NA,NA,NA
NA,NA,NA,NA,NA,NA
NA,NA,NA,NA,NA,NA
NA,NA,NA,NA,NA,NA
NA,NA,NA,NA,NA,NA
NA,NA,NA,NA,NA,NA
NA,NA,NA,NA,NA,NA
NA,NA,NA,NA,NA,NA
NA,NA,NA,NA,NA,NA
NA,NA,NA,NA,NA,NA
NA,NA,NA,NA,NA,NA
NA,NA,NA,NA,NA,NA
NA,NA,NA,NA,NA,NA
NA,NA,NA,NA,NA,NA
NA,NA,NA,NA,NA,NA
NA,NA,NA,NA,NA,NA
NA,NA,NA,NA,NA,NA
NA,NA,NA,NA,NA,NA
NA,NA,NA,NA,NA,NA
NA,NA,NA,NA,NA,NA
NA,NA,NA,NA,NA,NA
NA,NA,NA,NA,NA,NA
NA,NA,NA,NA,NA,NA
NA,NA,NA,NA,NA,NA
NA,NA,NA,NA,NA,NA
NA,NA,NA,NA,NA,NA
NA,NA,NA,NA,NA,NA
NA,NA,NA,NA,NA,NA
NA,NA,NA,NA,NA,NA
NA,NA,NA,NA,NA,NA
NA,NA,NA,NA,NA,NA
NA,NA,NA,NA,NA,NA
NA,NA,NA,NA,NA,NA
NA,NA,NA,NA,NA,NA
NA,NA,NA,NA,NA,NA
NA,NA,NA,NA,NA,NA
NA,NA,NA,NA,NA,NA
NA,NA,NA,NA,NA,NA
0.499,0.002,0.998,0.028,0.013,1
0.497,0.002,0.999,0.028,0.013,1
0.497,0.002,0.998,0.028,0.013,1
0.508,0.002,0.998,0.027,0.013,1
0.492,0.001,0.998,0.028,0.013,1
0.485,0.002,0.997,0.028,0.013,1
0.418,0.001,0.995,0.033,0.013,1
0.346,0.001,0.985,0.04,0.014,1
0.27,0.001,0.961,0.051,0.014,1
0.223,0.001,0.927,0.062,0.015,1
0.189,0.001,0.89,0.073,0.015,1
0.169,0,0.853,0.081,0.016,1
0.144,0,0.826,0.095,0.017,1
0.132,0,0.767,0.105,0.018,1
0.112,0,0.728,0.123,0.019,1
0.092,0,0.672,0.15,0.021,1
0.075,0,0.588,0.182,0.023,1
0.065,0,0.505,0.211,0.027,1
0.506,0.129,0.884,0.027,0.015,0.107
0.61,0.221,0.912,0.023,0.015,0.063
0.51,0.169,0.839,0.027,0.016,0.081
0.443,0.141,0.781,0.031,0.017,0.098
0.791,0.461,0.967,0.017,0.014,0.03
1,1,1,0.014,0.012,0.015
1,1,1,0.014,0.012,0.015
1,1,1,0.014,0.012,0.015
1,1,1,0.014,0.012,0.015
0.787,0.656,0.886,0.018,0.015,0.022
0.485,0.379,0.593,0.028,0.023,0.037
0.354,0.275,0.441,0.039,0.03,0.051
0.257,0.197,0.324,0.053,0.041,0.071
0.204,0.157,0.256,0.067,0.052,0.089
0.153,0.116,0.195,0.09,0.069,0.121
0.127,0.097,0.163,0.108,0.082,0.145
0.094,0.07,0.124,0.146,0.108,0.2
0.084,0.063,0.11,0.164,0.121,0.224
0.08,0.06,0.104,0.172,0.129,0.232
0.078,0.06,0.101,0.175,0.132,0.234
0.081,0.063,0.103,0.169,0.13,0.225
0.075,0.058,0.095,0.183,0.141,0.242
0.071,0.055,0.09,0.194,0.149,0.256
NA,NA,NA,NA,NA,NA
NA,NA,NA,NA,NA,NA
NA,NA,NA,NA,NA,NA
NA,NA,NA,NA,NA,NA
NA,NA,NA,NA,NA,NA
NA,NA,NA,NA,NA,NA
NA,NA,NA,NA,NA,NA
NA,NA,NA,NA,NA,NA
NA,NA,NA,NA,NA,NA
NA,NA,NA,NA,NA,NA
NA,NA,NA,NA,NA,NA
NA,NA,NA,NA,NA,NA
NA,NA,NA,NA,NA,NA
NA,NA,NA,NA,NA,NA
NA,NA,NA,NA,NA,NA
NA,NA,NA,NA,NA,NA
NA,NA,NA,NA,NA,NA
NA,NA,NA,NA,NA,NA
NA,NA,NA,NA,NA,NA
NA,NA,NA,NA,NA,NA
NA,NA,NA,NA,NA,NA
NA,NA,NA,NA,NA,NA
NA,NA,NA,NA,NA,NA
NA,NA,NA,NA,NA,NA
NA,NA,NA,NA,NA,NA
NA,NA,NA,NA,NA,NA
NA,NA,NA,NA,NA,NA
NA,NA,NA,NA,NA,NA
NA,NA,NA,NA,NA,NA
NA,NA,NA,NA,NA,NA
NA,NA,NA,NA,NA,NA
NA,NA,NA,NA,NA,NA
NA,NA,NA,NA,NA,NA
NA,NA,NA,NA,NA,NA
NA,NA,NA,NA,NA,NA
NA,NA,NA,NA,NA,NA
NA,NA,NA,NA,NA,NA
NA,NA,NA,NA,NA,NA
NA,NA,NA,NA,NA,NA
NA,NA,NA,NA,NA,NA
NA,NA,NA,NA,NA,NA
NA,NA,NA,NA,NA,NA
NA,NA,NA,NA,NA,NA
NA,NA,NA,NA,NA,NA
NA,NA,NA,NA,NA,NA
NA,NA,NA,NA,NA,NA
NA,NA,NA,NA,NA,NA
NA,NA,NA,NA,NA,NA
NA,NA,NA,NA,NA,NA
NA,NA,NA,NA,NA,NA
NA,NA,NA,NA,NA,NA
NA,NA,NA,NA,NA,NA
NA,NA,NA,NA,NA,NA
NA,NA,NA,NA,NA,NA
NA,NA,NA,NA,NA,NA
NA,NA,NA,NA,NA,NA
NA,NA,NA,NA,NA,NA
NA,NA,NA,NA,NA,NA
NA,NA,NA,NA,NA,NA
NA,NA,NA,NA,NA,NA
NA,NA,NA,NA,NA,NA
NA,NA,NA,NA,NA,NA
0.497,0.002,0.999,0.028,0.013,1
0.509,0.001,0.998,0.027,0.013,1
0.496,0.002,0.998,0.028,0.013,1
0.506,0.002,0.998,0.027,0.013,1
0.489,0.002,0.998,0.028,0.013,1
0.452,0.001,0.997,0.031,0.013,1
0.348,0.001,0.983,0.039,0.014,1
0.196,0.001,0.916,0.07,0.015,1
0.105,0,0.701,0.131,0.019,1
0.063,0,0.518,0.215,0.026,1
0.043,0,0.39,0.321,0.035,1
0.035,0,0.305,0.393,0.045,1
0.138,0.014,0.444,0.1,0.031,1
0.223,0.046,0.519,0.062,0.026,0.301
0.203,0.043,0.487,0.068,0.028,0.319
0.197,0.041,0.48,0.07,0.028,0.334
0.206,0.043,0.494,0.067,0.027,0.32
0.318,0.096,0.618,0.043,0.022,0.144
0.344,0.107,0.65,0.04,0.021,0.128
0.699,0.377,0.922,0.02,0.014,0.036
0.562,0.261,0.834,0.024,0.016,0.054
1,1,1,0.014,0.012,0.015
0.973,0.829,1,0.014,0.013,0.017
0.916,0.779,0.983,0.015,0.013,0.018
0.56,0.42,0.694,0.025,0.019,0.033
0.4,0.296,0.51,0.034,0.026,0.047
0.27,0.198,0.351,0.051,0.038,0.071
0.207,0.155,0.266,0.066,0.051,0.09
0.148,0.11,0.19,0.093,0.071,0.127
0.104,0.078,0.136,0.132,0.099,0.18
0.092,0.07,0.118,0.149,0.114,0.2
0.129,0.106,0.156,0.106,0.085,0.134
0.103,0.084,0.125,0.133,0.107,0.168
0.11,0.091,0.131,0.125,0.102,0.155
0.119,0.1,0.14,0.115,0.095,0.141
0.11,0.093,0.13,0.125,0.102,0.152
0.113,0.096,0.132,0.122,0.1,0.148
0.122,0.104,0.141,0.113,0.094,0.137
0.103,0.086,0.12,0.134,0.11,0.165
0.121,0.104,0.14,0.113,0.095,0.137
0.112,0.096,0.13,0.123,0.102,0.148
0.097,0.083,0.113,0.141,0.117,0.172
NA,NA,NA,NA,NA,NA
NA,NA,NA,NA,NA,NA
NA,NA,NA,NA,NA,NA
NA,NA,NA,NA,NA,NA
NA,NA,NA,NA,NA,NA
NA,NA,NA,NA,NA,NA
NA,NA,NA,NA,NA,NA
NA,NA,NA,NA,NA,NA
NA,NA,NA,NA,NA,NA
NA,NA,NA,NA,NA,NA
NA,NA,NA,NA,NA,NA
NA,NA,NA,NA,NA,NA
NA,NA,NA,NA,NA,NA
NA,NA,NA,NA,NA,NA
NA,NA,NA,NA,NA,NA
NA,NA,NA,NA,NA,NA
NA,NA,NA,NA,NA,NA
NA,NA,NA,NA,NA,NA
NA,NA,NA,NA,NA,NA
NA,NA,NA,NA,NA,NA
NA,NA,NA,NA,NA,NA
NA,NA,NA,NA,NA,NA
NA,NA,NA,NA,NA,NA
NA,NA,NA,NA,NA,NA
NA,NA,NA,NA,NA,NA
NA,NA,NA,NA,NA,NA
NA,NA,NA,NA,NA,NA
NA,NA,NA,NA,NA,NA
NA,NA,NA,NA,NA,NA
NA,NA,NA,NA,NA,NA
NA,NA,NA,NA,NA,NA
NA,NA,NA,NA,NA,NA
NA,NA,NA,NA,NA,NA
NA,NA,NA,NA,NA,NA
NA,NA,NA,NA,NA,NA
NA,NA,NA,NA,NA,NA
NA,NA,NA,NA,NA,NA
NA,NA,NA,NA,NA,NA
NA,NA,NA,NA,NA,NA
NA,NA,NA,NA,NA,NA
NA,NA,NA,NA,NA,NA
NA,NA,NA,NA,NA,NA
NA,NA,NA,NA,NA,NA
NA,NA,NA,NA,NA,NA
NA,NA,NA,NA,NA,NA
NA,NA,NA,NA,NA,NA
NA,NA,NA,NA,NA,NA
0.495,0.001,0.999,0.028,0.013,1
0.495,0.002,0.998,0.028,0.013,1
0.501,0.001,0.998,0.027,0.013,1
0.507,0.002,0.998,0.027,0.013,1
0.495,0.002,0.998,0.028,0.013,1
0.472,0.001,0.998,0.029,0.013,1
0.429,0.001,0.995,0.032,0.013,1
0.351,0.001,0.983,0.039,0.014,1
0.269,0.001,0.963,0.051,0.014,1
0.214,0.001,0.927,0.064,0.015,1
0.201,0,0.903,0.068,0.015,1
0.178,0,0.888,0.077,0.016,1
0.168,0,0.863,0.082,0.016,1
0.179,0,0.875,0.076,0.016,1
0.196,0,0.913,0.07,0.015,1
0.23,0.001,0.934,0.06,0.015,1
0.285,0.001,0.974,0.048,0.014,1
0.344,0.001,0.986,0.04,0.014,1
0.399,0.001,0.994,0.034,0.013,1
0.452,0.001,0.997,0.03,0.013,1
0.479,0.001,0.998,0.029,0.013,1
0.467,0.002,0.997,0.029,0.013,1
1,1,1,0.014,0.012,0.015
1,1,1,0.014,0.012,0.015
1,1,1,0.014,0.012,0.015
1,1,1,0.014,0.012,0.015
1,1,1,0.014,0.012,0.015
0.78,0.234,0.993,0.018,0.013,0.059
0.401,0.091,0.777,0.034,0.017,0.15
0.113,0.01,0.38,0.121,0.036,1
0.066,0.006,0.233,0.209,0.059,1
0.114,0.031,0.265,0.12,0.051,0.44
0.139,0.053,0.268,0.099,0.051,0.262
0.087,0.029,0.188,0.158,0.073,0.473
0.093,0.035,0.187,0.148,0.073,0.389
0.098,0.041,0.187,0.14,0.072,0.337
0.12,0.058,0.211,0.115,0.064,0.241
0.172,0.096,0.269,0.08,0.05,0.144
0.202,0.124,0.302,0.068,0.045,0.111
0.185,0.111,0.279,0.075,0.048,0.125
0.163,0.099,0.246,0.084,0.055,0.141
0.159,0.098,0.235,0.087,0.058,0.141
0.177,0.116,0.251,0.078,0.054,0.12
0.183,0.126,0.252,0.075,0.053,0.111
0.164,0.112,0.226,0.084,0.06,0.125
0.127,0.083,0.183,0.108,0.074,0.167
0.134,0.09,0.188,0.103,0.072,0.155
0.155,0.11,0.209,0.089,0.064,0.128
0.131,0.09,0.18,0.105,0.075,0.155
0.16,0.116,0.211,0.086,0.064,0.121
0.147,0.106,0.196,0.093,0.069,0.131
0.153,0.112,0.202,0.09,0.067,0.124
0.17,0.128,0.22,0.081,0.061,0.109
0.212,0.167,0.265,0.065,0.05,0.084
0.238,0.192,0.292,0.058,0.046,0.073
0.289,0.24,0.343,0.048,0.039,0.059
0.263,0.215,0.313,0.052,0.042,0.066
NA,NA,NA,NA,NA,NA
NA,NA,NA,NA,NA,NA
NA,NA,NA,NA,NA,NA
NA,NA,NA,NA,NA,NA
NA,NA,NA,NA,NA,NA
NA,NA,NA,NA,NA,NA
NA,NA,NA,NA,NA,NA
NA,NA,NA,NA,NA,NA
NA,NA,NA,NA,NA,NA
NA,NA,NA,NA,NA,NA
NA,NA,NA,NA,NA,NA
NA,NA,NA,NA,NA,NA
NA,NA,NA,NA,NA,NA
NA,NA,NA,NA,NA,NA
NA,NA,NA,NA,NA,NA
NA,NA,NA,NA,NA,NA
NA,NA,NA,NA,NA,NA
NA,NA,NA,NA,NA,NA
NA,NA,NA,NA,NA,NA
NA,NA,NA,NA,NA,NA
NA,NA,NA,NA,NA,NA
NA,NA,NA,NA,NA,NA
NA,NA,NA,NA,NA,NA
NA,NA,NA,NA,NA,NA
NA,NA,NA,NA,NA,NA
NA,NA,NA,NA,NA,NA
0.496,0.002,0.998,0.028,0.013,1
0.483,0.001,0.998,0.028,0.013,1
0.503,0.002,0.999,0.027,0.013,1
0.505,0.002,0.999,0.027,0.013,1
0.491,0.001,0.998,0.028,0.013,1
0.437,0.001,0.996,0.032,0.013,1
0.318,0.001,0.978,0.043,0.014,1
0.198,0.001,0.91,0.069,0.015,1
0.137,0,0.797,0.1,0.017,1
0.1,0,0.683,0.138,0.02,1
0.084,0,0.6,0.163,0.023,1
0.065,0,0.545,0.213,0.025,1
0.059,0,0.483,0.23,0.028,1
0.055,0,0.455,0.251,0.03,1
0.05,0,0.429,0.275,0.032,1
0.054,0,0.456,0.255,0.03,1
0.055,0,0.454,0.249,0.03,1
0.063,0,0.493,0.221,0.028,1
0.07,0,0.566,0.198,0.024,1
0.078,0,0.586,0.175,0.024,1
0.456,0.052,0.907,0.03,0.015,0.272
0.429,0.052,0.896,0.032,0.015,0.267
0.37,0.039,0.84,0.037,0.016,0.353
0.306,0.03,0.773,0.045,0.018,0.449
0.264,0.028,0.713,0.052,0.019,0.492
0.242,0.025,0.673,0.057,0.02,0.557
0.24,0.027,0.66,0.057,0.021,0.522
0.048,0,0.409,0.289,0.033,1
0.055,0,0.461,0.252,0.03,1
0.067,0,0.55,0.205,0.025,1
0.09,0,0.655,0.153,0.021,1
0.121,0,0.742,0.114,0.018,1
0.748,0.112,0.996,0.018,0.013,0.123
0.815,0.139,0.999,0.017,0.013,0.1
1,1,1,0.014,0.012,0.015
1,1,1,0.014,0.012,0.015
1,1,1,0.014,0.012,0.015
1,1,1,0.014,0.012,0.015
1,1,1,0.014,0.012,0.015
1,1,1,0.014,0.012,0.015
1,1,1,0.014,0.012,0.015
0.645,0.356,0.872,0.021,0.015,0.039
0.363,0.188,0.566,0.038,0.024,0.074
0.427,0.283,0.58,0.032,0.023,0.049
0.422,0.308,0.544,0.033,0.025,0.045
0.307,0.219,0.404,0.045,0.033,0.064
0.332,0.255,0.415,0.041,0.032,0.055
0.297,0.234,0.368,0.046,0.036,0.06
0.284,0.23,0.342,0.048,0.039,0.061
0.243,0.199,0.291,0.057,0.046,0.071
0.24,0.202,0.281,0.057,0.047,0.07
0.195,0.165,0.227,0.071,0.059,0.086
0.177,0.151,0.204,0.078,0.065,0.094
0.186,0.164,0.211,0.074,0.063,0.087
0.23,0.208,0.253,0.06,0.052,0.069
0.217,0.198,0.237,0.063,0.055,0.073
0.22,0.203,0.238,0.062,0.054,0.071
0.207,0.193,0.223,0.066,0.058,0.075
0.223,0.208,0.237,0.062,0.054,0.07
0.241,0.228,0.256,0.057,0.05,0.064
0.24,0.227,0.252,0.057,0.051,0.065
0.249,0.238,0.261,0.055,0.049,0.062
0.251,0.24,0.262,0.055,0.049,0.061
0.248,0.238,0.258,0.055,0.049,0.062
0.241,0.232,0.25,0.057,0.051,0.064
0.238,0.23,0.247,0.058,0.051,0.065
0.236,0.228,0.244,0.058,0.052,0.065
0.233,0.225,0.24,0.059,0.053,0.066
0.214,0.207,0.221,0.064,0.057,0.072
0.305,0.298,0.313,0.045,0.04,0.05
0.317,0.309,0.324,0.043,0.039,0.048
0.296,0.29,0.303,0.046,0.041,0.052
0.289,0.283,0.295,0.048,0.043,0.053
0.305,0.298,0.311,0.045,0.04,0.05
0.281,0.275,0.287,0.049,0.044,0.055
0.293,0.288,0.299,0.047,0.042,0.052
0.239,0.234,0.244,0.057,0.051,0.064
0.215,0.21,0.219,0.064,0.057,0.071
NA,NA,NA,NA,NA,NA
NA,NA,NA,NA,NA,NA
NA,NA,NA,NA,NA,NA
NA,NA,NA,NA,NA,NA
NA,NA,NA,NA,NA,NA
NA,NA,NA,NA,NA,NA
NA,NA,NA,NA,NA,NA
NA,NA,NA,NA,NA,NA
NA,NA,NA,NA,NA,NA
NA,NA,NA,NA,NA,NA
NA,NA,NA,NA,NA,NA
NA,NA,NA,NA,NA,NA
NA,NA,NA,NA,NA,NA
NA,NA,NA,NA,NA,NA
NA,NA,NA,NA,NA,NA
NA,NA,NA,NA,NA,NA
NA,NA,NA,NA,NA,NA
NA,NA,NA,NA,NA,NA
NA,NA,NA,NA,NA,NA
NA,NA,NA,NA,NA,NA
NA,NA,NA,NA,NA,NA
NA,NA,NA,NA,NA,NA
NA,NA,NA,NA,NA,NA
NA,NA,NA,NA,NA,NA
NA,NA,NA,NA,NA,NA
NA,NA,NA,NA,NA,NA
NA,NA,NA,NA,NA,NA
NA,NA,NA,NA,NA,NA
NA,NA,NA,NA,NA,NA
0.483,0.002,0.999,0.028,0.013,1
0.496,0.002,0.998,0.028,0.013,1
0.504,0.001,0.998,0.027,0.013,1
0.5,0.001,0.998,0.028,0.013,1
0.485,0.001,0.998,0.029,0.013,1
0.461,0.002,0.997,0.03,0.013,1
0.365,0.001,0.989,0.038,0.014,1
0.231,0,0.942,0.06,0.014,1
0.141,0,0.813,0.098,0.017,1
0.096,0,0.649,0.144,0.021,1
0.064,0,0.515,0.215,0.026,1
0.05,0,0.432,0.276,0.032,1
0.039,0,0.357,0.35,0.038,1
0.032,0,0.31,0.422,0.045,1
0.029,0,0.279,0.478,0.049,1
0.027,0,0.265,0.505,0.052,1
0.027,0,0.267,0.504,0.051,1
0.028,0,0.267,0.485,0.051,1
0.03,0,0.284,0.456,0.048,1
0.034,0,0.314,0.407,0.043,1
0.038,0,0.335,0.367,0.04,1
0.042,0,0.386,0.327,0.035,1
0.048,0,0.417,0.287,0.033,1
0.054,0,0.452,0.257,0.03,1
0.057,0,0.474,0.242,0.029,1
0.065,0,0.513,0.211,0.027,1
0.071,0,0.563,0.194,0.024,1
0.081,0,0.603,0.17,0.023,1
0.092,0,0.658,0.151,0.021,1
0.11,0,0.717,0.125,0.019,1
0.143,0,0.808,0.096,0.017,1
0.19,0.001,0.906,0.073,0.015,1
0.26,0.001,0.957,0.053,0.014,1
0.353,0.001,0.985,0.039,0.014,1
0.361,0.001,0.988,0.038,0.014,1
0.257,0.001,0.961,0.053,0.014,1
0.113,0,0.738,0.122,0.018,1
0.043,0,0.399,0.318,0.034,1
0.018,0,0.183,0.747,0.075,1
0.009,0,0.1,1,0.137,1
0.006,0,0.062,1,0.224,1
0.034,0.007,0.098,0.402,0.14,1
0.024,0.005,0.068,0.573,0.201,1
0.026,0.007,0.062,0.538,0.218,1
0.03,0.011,0.063,0.453,0.214,1
0.022,0.008,0.046,0.63,0.3,1
0.025,0.012,0.045,0.557,0.302,1
0.027,0.015,0.045,0.503,0.3,0.929
0.02,0.01,0.033,0.703,0.413,1
0.016,0.008,0.027,0.868,0.509,1
0.012,0.006,0.021,1,0.658,1
0.037,0.026,0.049,0.376,0.275,0.534
0.031,0.022,0.041,0.445,0.326,0.629
0.036,0.028,0.046,0.38,0.293,0.503
0.039,0.032,0.048,0.348,0.277,0.442
0.043,0.036,0.051,0.322,0.261,0.397
0.041,0.034,0.048,0.336,0.277,0.411
0.044,0.038,0.051,0.312,0.262,0.374
0.039,0.034,0.044,0.354,0.298,0.422
0.04,0.035,0.044,0.347,0.297,0.408
0.035,0.031,0.039,0.396,0.339,0.462
0.03,0.027,0.034,0.45,0.388,0.523
0.031,0.029,0.034,0.438,0.38,0.503
0.034,0.031,0.037,0.408,0.354,0.466
0.034,0.031,0.036,0.407,0.356,0.464
0.034,0.032,0.037,0.402,0.353,0.459
0.034,0.032,0.036,0.406,0.357,0.461
0.036,0.034,0.038,0.383,0.337,0.434
0.035,0.033,0.037,0.396,0.349,0.448
0.034,0.032,0.037,0.399,0.353,0.451
0.036,0.034,0.038,0.378,0.335,0.428
0.038,0.036,0.04,0.36,0.319,0.407
0.04,0.038,0.042,0.342,0.303,0.386
0.04,0.038,0.042,0.347,0.306,0.391
0.037,0.035,0.039,0.372,0.329,0.42
NA,NA,NA,NA,NA,NA
NA,NA,NA,NA,NA,NA
NA,NA,NA,NA,NA,NA
NA,NA,NA,NA,NA,NA
NA,NA,NA,NA,NA,NA
NA,NA,NA,NA,NA,NA
NA,NA,NA,NA,NA,NA
NA,NA,NA,NA,NA,NA
NA,NA,NA,NA,NA,NA
NA,NA,NA,NA,NA,NA
NA,NA,NA,NA,NA,NA
NA,NA,NA,NA,NA,NA
NA,NA,NA,NA,NA,NA
NA,NA,NA,NA,NA,NA
NA,NA,NA,NA,NA,NA
NA,NA,NA,NA,NA,NA
NA,NA,NA,NA,NA,NA
NA,NA,NA,NA,NA,NA
NA,NA,NA,NA,NA,NA
NA,NA,NA,NA,NA,NA
NA,NA,NA,NA,NA,NA
NA,NA,NA,NA,NA,NA
NA,NA,NA,NA,NA,NA
NA,NA,NA,NA,NA,NA
NA,NA,NA,NA,NA,NA
NA,NA,NA,NA,NA,NA
NA,NA,NA,NA,NA,NA
NA,NA,NA,NA,NA,NA
NA,NA,NA,NA,NA,NA
NA,NA,NA,NA,NA,NA
NA,NA,NA,NA,NA,NA
0.5,0.002,0.998,0.028,0.013,1
0.514,0.001,0.998,0.027,0.013,1
0.5,0.002,0.999,0.028,0.013,1
0.501,0.002,0.999,0.028,0.013,1
0.483,0.001,0.998,0.028,0.013,1
0.472,0.001,0.998,0.029,0.013,1
0.419,0.002,0.995,0.033,0.013,1
0.345,0.001,0.987,0.04,0.014,1
0.262,0.001,0.956,0.053,0.014,1
0.2,0,0.911,0.069,0.015,1
0.163,0,0.851,0.085,0.016,1
0.128,0,0.769,0.107,0.018,1
0.102,0,0.698,0.134,0.02,1
0.092,0,0.638,0.15,0.022,1
0.087,0,0.636,0.158,0.021,1
0.089,0,0.626,0.153,0.022,1
0.092,0,0.658,0.15,0.021,1
0.098,0,0.696,0.14,0.02,1
0.12,0,0.742,0.116,0.019,1
0.142,0,0.817,0.097,0.017,1
0.192,0.001,0.891,0.071,0.015,1
0.246,0.001,0.951,0.056,0.014,1
0.33,0.001,0.984,0.042,0.014,1
0.39,0.001,0.993,0.035,0.013,1
0.448,0.001,0.997,0.031,0.013,1
0.474,0.001,0.998,0.029,0.013,1
0.495,0.001,0.998,0.028,0.013,1
0.492,0.001,0.998,0.028,0.013,1
0.497,0.002,0.999,0.028,0.013,1
0.493,0.002,0.999,0.028,0.013,1
0.508,0.002,0.999,0.027,0.013,1
0.502,0.002,0.999,0.027,0.013,1
0.502,0.002,0.999,0.027,0.013,1
0.506,0.002,0.999,0.027,0.013,1
0.502,0.002,0.999,0.027,0.013,1
0.491,0.001,0.999,0.028,0.013,1
0.516,0.002,0.999,0.027,0.013,1
0.495,0.002,0.998,0.028,0.013,1
0.444,0.001,0.997,0.031,0.013,1
0.303,0.001,0.981,0.045,0.014,1
0.148,0,0.816,0.093,0.017,1
0.063,0,0.508,0.218,0.027,1
0.159,0.017,0.49,0.086,0.028,0.813
0.176,0.035,0.428,0.078,0.032,0.389
0.123,0.026,0.318,0.112,0.042,0.523
0.095,0.019,0.255,0.145,0.053,0.718
0.118,0.033,0.269,0.117,0.051,0.42
0.103,0.029,0.241,0.134,0.057,0.466
0.092,0.026,0.218,0.15,0.063,0.543
0.083,0.022,0.193,0.166,0.071,0.618
0.052,0.01,0.148,0.265,0.092,1
0.048,0.01,0.137,0.286,0.1,1
0.105,0.04,0.208,0.131,0.066,0.338
0.114,0.048,0.217,0.121,0.063,0.286
0.101,0.043,0.196,0.136,0.07,0.324
0.148,0.077,0.245,0.093,0.055,0.179
0.166,0.096,0.259,0.083,0.052,0.144
0.163,0.098,0.246,0.084,0.055,0.142
0.184,0.121,0.261,0.075,0.052,0.115
0.149,0.097,0.212,0.093,0.064,0.144
0.118,0.079,0.169,0.116,0.08,0.176
0.105,0.07,0.146,0.132,0.093,0.198
0.12,0.087,0.159,0.115,0.084,0.16
0.106,0.078,0.14,0.13,0.096,0.179
0.115,0.087,0.147,0.12,0.091,0.162
0.107,0.082,0.136,0.129,0.098,0.17
0.148,0.12,0.179,0.093,0.075,0.118
0.138,0.112,0.167,0.1,0.08,0.125
0.173,0.145,0.203,0.079,0.065,0.097
0.155,0.13,0.182,0.089,0.073,0.109
0.16,0.137,0.186,0.086,0.071,0.104
0.155,0.135,0.177,0.089,0.075,0.106
0.143,0.124,0.162,0.097,0.082,0.115
NA,NA,NA,NA,NA,NA
NA,NA,NA,NA,NA,NA
NA,NA,NA,NA,NA,NA
NA,NA,NA,NA,NA,NA
NA,NA,NA,NA,NA,NA
NA,NA,NA,NA,NA,NA
NA,NA,NA,NA,NA,NA
NA,NA,NA,NA,NA,NA
NA,NA,NA,NA,NA,NA
NA,NA,NA,NA,NA,NA
NA,NA,NA,NA,NA,NA
NA,NA,NA,NA,NA,NA
NA,NA,NA,NA,NA,NA
NA,NA,NA,NA,NA,NA
NA,NA,NA,NA,NA,NA
NA,NA,NA,NA,NA,NA
NA,NA,NA,NA,NA,NA
NA,NA,NA,NA,NA,NA
NA,NA,NA,NA,NA,NA
NA,NA,NA,NA,NA,NA
NA,NA,NA,NA,NA,NA
NA,NA,NA,NA,NA,NA
NA,NA,NA,NA,NA,NA
NA,NA,NA,NA,NA,NA
NA,NA,NA,NA,NA,NA
NA,NA,NA,NA,NA,NA
NA,NA,NA,NA,NA,NA
NA,NA,NA,NA,NA,NA
NA,NA,NA,NA,NA,NA
NA,NA,NA,NA,NA,NA
NA,NA,NA,NA,NA,NA
NA,NA,NA,NA,NA,NA
NA,NA,NA,NA,NA,NA
NA,NA,NA,NA,NA,NA
NA,NA,NA,NA,NA,NA
NA,NA,NA,NA,NA,NA
NA,NA,NA,NA,NA,NA
NA,NA,NA,NA,NA,NA
NA,NA,NA,NA,NA,NA
NA,NA,NA,NA,NA,NA
NA,NA,NA,NA,NA,NA
NA,NA,NA,NA,NA,NA
NA,NA,NA,NA,NA,NA
NA,NA,NA,NA,NA,NA
NA,NA,NA,NA,NA,NA
NA,NA,NA,NA,NA,NA
NA,NA,NA,NA,NA,NA
NA,NA,NA,NA,NA,NA
NA,NA,NA,NA,NA,NA
NA,NA,NA,NA,NA,NA
NA,NA,NA,NA,NA,NA
NA,NA,NA,NA,NA,NA
NA,NA,NA,NA,NA,NA
NA,NA,NA,NA,NA,NA
NA,NA,NA,NA,NA,NA
NA,NA,NA,NA,NA,NA
NA,NA,NA,NA,NA,NA
NA,NA,NA,NA,NA,NA
NA,NA,NA,NA,NA,NA
NA,NA,NA,NA,NA,NA
NA,NA,NA,NA,NA,NA
NA,NA,NA,NA,NA,NA
NA,NA,NA,NA,NA,NA
0.49,0.001,0.999,0.028,0.013,1
0.499,0.002,0.998,0.028,0.013,1
0.494,0.002,0.999,0.028,0.013,1
0.485,0.002,0.998,0.028,0.013,1
0.485,0.001,0.998,0.028,0.013,1
0.455,0.002,0.997,0.03,0.013,1
0.369,0.001,0.989,0.037,0.014,1
0.264,0.001,0.952,0.052,0.014,1
0.181,0,0.885,0.076,0.015,1
0.723,0.11,0.996,0.019,0.013,0.124
0.593,0.079,0.97,0.023,0.014,0.176
1,1,1,0.014,0.012,0.015
1,1,1,0.014,0.012,0.015
1,1,1,0.014,0.012,0.015
1,1,1,0.014,0.012,0.015
0.921,0.555,0.999,0.015,0.013,0.025
0.474,0.186,0.775,0.029,0.018,0.075
1,1,1,0.014,0.012,0.015
0.926,0.773,0.989,0.015,0.013,0.018
0.979,0.899,0.999,0.014,0.013,0.016
0.854,0.74,0.932,0.016,0.014,0.019
0.641,0.523,0.75,0.022,0.018,0.027
0.567,0.463,0.667,0.024,0.02,0.03
0.494,0.399,0.589,0.028,0.023,0.035
0.465,0.38,0.552,0.03,0.024,0.037
0.413,0.334,0.493,0.033,0.027,0.042
0.353,0.286,0.422,0.039,0.032,0.049
0.295,0.239,0.356,0.047,0.038,0.059
0.265,0.215,0.319,0.052,0.042,0.066
0.243,0.199,0.29,0.057,0.046,0.071
0.25,0.209,0.295,0.055,0.045,0.068
0.2,0.165,0.238,0.069,0.056,0.086
0.179,0.148,0.213,0.077,0.062,0.095
0.151,0.124,0.182,0.091,0.074,0.114
0.131,0.106,0.158,0.105,0.084,0.133
0.126,0.103,0.152,0.109,0.087,0.137
0.116,0.094,0.141,0.119,0.095,0.149
0.107,0.087,0.13,0.128,0.102,0.162
0.136,0.114,0.161,0.101,0.083,0.125
0.148,0.125,0.173,0.093,0.077,0.113
0.156,0.133,0.181,0.088,0.073,0.107
NA,NA,NA,NA,NA,NA
NA,NA,NA,NA,NA,NA
NA,NA,NA,NA,NA,NA
NA,NA,NA,NA,NA,NA
NA,NA,NA,NA,NA,NA
NA,NA,NA,NA,NA,NA
NA,NA,NA,NA,NA,NA
NA,NA,NA,NA,NA,NA
NA,NA,NA,NA,NA,NA
NA,NA,NA,NA,NA,NA
NA,NA,NA,NA,NA,NA
NA,NA,NA,NA,NA,NA
NA,NA,NA,NA,NA,NA
NA,NA,NA,NA,NA,NA
NA,NA,NA,NA,NA,NA
NA,NA,NA,NA,NA,NA
NA,NA,NA,NA,NA,NA
NA,NA,NA,NA,NA,NA
NA,NA,NA,NA,NA,NA
NA,NA,NA,NA,NA,NA
NA,NA,NA,NA,NA,NA
NA,NA,NA,NA,NA,NA
NA,NA,NA,NA,NA,NA
NA,NA,NA,NA,NA,NA
NA,NA,NA,NA,NA,NA
NA,NA,NA,NA,NA,NA
NA,NA,NA,NA,NA,NA
NA,NA,NA,NA,NA,NA
NA,NA,NA,NA,NA,NA
NA,NA,NA,NA,NA,NA
NA,NA,NA,NA,NA,NA
NA,NA,NA,NA,NA,NA
NA,NA,NA,NA,NA,NA
NA,NA,NA,NA,NA,NA
NA,NA,NA,NA,NA,NA
NA,NA,NA,NA,NA,NA
NA,NA,NA,NA,NA,NA
NA,NA,NA,NA,NA,NA
NA,NA,NA,NA,NA,NA
NA,NA,NA,NA,NA,NA
NA,NA,NA,NA,NA,NA
NA,NA,NA,NA,NA,NA
NA,NA,NA,NA,NA,NA
NA,NA,NA,NA,NA,NA
NA,NA,NA,NA,NA,NA
NA,NA,NA,NA,NA,NA
NA,NA,NA,NA,NA,NA
NA,NA,NA,NA,NA,NA
NA,NA,NA,NA,NA,NA
NA,NA,NA,NA,NA,NA
NA,NA,NA,NA,NA,NA
NA,NA,NA,NA,NA,NA
1,1,1,0.014,0.012,0.015
1,1,1,0.014,0.012,0.015
1,1,1,0.014,0.012,0.015
1,1,1,0.014,0.012,0.015
1,1,1,0.014,0.012,0.015
1,1,1,0.014,0.012,0.015
1,1,1,0.014,0.012,0.015
1,1,1,0.014,0.012,0.015
1,1,1,0.014,0.012,0.015
1,1,1,0.014,0.012,0.015
1,1,1,0.014,0.012,0.015
1,1,1,0.014,0.012,0.015
1,1,1,0.014,0.012,0.015
1,1,1,0.014,0.012,0.015
0.919,0.85,0.963,0.015,0.013,0.017
0.653,0.572,0.729,0.021,0.018,0.025
0.471,0.404,0.537,0.029,0.025,0.035
0.41,0.359,0.463,0.034,0.028,0.04
0.32,0.281,0.359,0.043,0.037,0.051
0.26,0.231,0.291,0.053,0.045,0.062
0.217,0.195,0.241,0.063,0.054,0.074
0.191,0.172,0.21,0.072,0.062,0.083
0.173,0.158,0.19,0.079,0.069,0.092
0.162,0.149,0.176,0.085,0.074,0.097
0.149,0.138,0.161,0.092,0.081,0.105
0.147,0.136,0.158,0.094,0.082,0.107
0.147,0.137,0.157,0.094,0.082,0.106
0.151,0.141,0.16,0.091,0.08,0.104
0.154,0.145,0.164,0.089,0.079,0.101
0.157,0.148,0.167,0.087,0.077,0.099
0.154,0.145,0.163,0.089,0.079,0.101
0.15,0.141,0.159,0.092,0.081,0.104
0.143,0.135,0.151,0.096,0.085,0.109
0.134,0.126,0.142,0.102,0.091,0.116
0.128,0.12,0.135,0.108,0.095,0.122
0.124,0.116,0.131,0.111,0.098,0.126
0.119,0.112,0.127,0.115,0.102,0.13
0.119,0.112,0.126,0.115,0.102,0.13
0.118,0.111,0.125,0.117,0.103,0.132
0.117,0.11,0.124,0.118,0.104,0.133
0.119,0.112,0.126,0.116,0.102,0.131
0.116,0.109,0.123,0.119,0.105,0.134
0.107,0.1,0.113,0.129,0.114,0.146
0.083,0.078,0.089,0.165,0.145,0.187
0.09,0.085,0.096,0.152,0.134,0.172
0.083,0.078,0.088,0.166,0.147,0.188
0.075,0.07,0.079,0.184,0.163,0.209
0.066,0.062,0.07,0.209,0.184,0.236
0.058,0.055,0.062,0.235,0.208,0.266
0.054,0.05,0.057,0.257,0.226,0.291
0.057,0.054,0.061,0.24,0.212,0.272
0.047,0.044,0.05,0.293,0.259,0.334
NA,NA,NA,NA,NA,NA
NA,NA,NA,NA,NA,NA
NA,NA,NA,NA,NA,NA
NA,NA,NA,NA,NA,NA
NA,NA,NA,NA,NA,NA
NA,NA,NA,NA,NA,NA
NA,NA,NA,NA,NA,NA
NA,NA,NA,NA,NA,NA
NA,NA,NA,NA,NA,NA
NA,NA,NA,NA,NA,NA
NA,NA,NA,NA,NA,NA
NA,NA,NA,NA,NA,NA
NA,NA,NA,NA,NA,NA
NA,NA,NA,NA,NA,NA
NA,NA,NA,NA,NA,NA
NA,NA,NA,NA,NA,NA
NA,NA,NA,NA,NA,NA
NA,NA,NA,NA,NA,NA
NA,NA,NA,NA,NA,NA
NA,NA,NA,NA,NA,NA
NA,NA,NA,NA,NA,NA
NA,NA,NA,NA,NA,NA
NA,NA,NA,NA,NA,NA
NA,NA,NA,NA,NA,NA
NA,NA,NA,NA,NA,NA
NA,NA,NA,NA,NA,NA
NA,NA,NA,NA,NA,NA
NA,NA,NA,NA,NA,NA
NA,NA,NA,NA,NA,NA
NA,NA,NA,NA,NA,NA
NA,NA,NA,NA,NA,NA
NA,NA,NA,NA,NA,NA
NA,NA,NA,NA,NA,NA
NA,NA,NA,NA,NA,NA
NA,NA,NA,NA,NA,NA
NA,NA,NA,NA,NA,NA
NA,NA,NA,NA,NA,NA
NA,NA,NA,NA,NA,NA
NA,NA,NA,NA,NA,NA
NA,NA,NA,NA,NA,NA
NA,NA,NA,NA,NA,NA
NA,NA,NA,NA,NA,NA
NA,NA,NA,NA,NA,NA
NA,NA,NA,NA,NA,NA
NA,NA,NA,NA,NA,NA
NA,NA,NA,NA,NA,NA
NA,NA,NA,NA,NA,NA
NA,NA,NA,NA,NA,NA
NA,NA,NA,NA,NA,NA
NA,NA,NA,NA,NA,NA
NA,NA,NA,NA,NA,NA
NA,NA,NA,NA,NA,NA
NA,NA,NA,NA,NA,NA
NA,NA,NA,NA,NA,NA
NA,NA,NA,NA,NA,NA
NA,NA,NA,NA,NA,NA
NA,NA,NA,NA,NA,NA
NA,NA,NA,NA,NA,NA
NA,NA,NA,NA,NA,NA
NA,NA,NA,NA,NA,NA
NA,NA,NA,NA,NA,NA
NA,NA,NA,NA,NA,NA
0.506,0.001,0.999,0.027,0.013,1
0.504,0.001,0.999,0.027,0.013,1
0.498,0.001,0.998,0.028,0.013,1
0.499,0.001,0.999,0.028,0.013,1
0.49,0.001,0.998,0.028,0.013,1
0.475,0.001,0.998,0.029,0.013,1
0.422,0.001,0.996,0.033,0.013,1
0.335,0.001,0.988,0.041,0.014,1
0.262,0.001,0.957,0.052,0.014,1
0.181,0,0.888,0.076,0.015,1
0.59,0.079,0.975,0.023,0.014,0.175
0.345,0.035,0.81,0.04,0.017,0.404
0.207,0.02,0.597,0.066,0.023,0.672
0.247,0.051,0.568,0.056,0.024,0.27
0.178,0.037,0.438,0.077,0.031,0.371
0.143,0.03,0.361,0.096,0.038,0.454
0.118,0.023,0.31,0.117,0.044,0.615
0.053,0.005,0.19,0.261,0.072,1
0.076,0.014,0.207,0.18,0.066,0.962
0.057,0.011,0.161,0.24,0.085,1
0.024,0.002,0.092,0.58,0.149,1
0.032,0.006,0.092,0.433,0.148,1
0.045,0.015,0.099,0.308,0.138,0.925
0.041,0.016,0.085,0.335,0.161,0.872
0.042,0.019,0.079,0.328,0.171,0.742
0.071,0.042,0.11,0.193,0.123,0.328
0.064,0.041,0.096,0.214,0.141,0.343
0.087,0.061,0.118,0.158,0.114,0.228
0.089,0.066,0.116,0.154,0.115,0.213
0.084,0.063,0.109,0.163,0.124,0.221
0.095,0.075,0.118,0.145,0.113,0.188
0.096,0.077,0.118,0.143,0.114,0.183
0.087,0.069,0.106,0.159,0.126,0.203
0.094,0.078,0.114,0.146,0.118,0.181
0.086,0.071,0.103,0.159,0.13,0.198
0.086,0.072,0.102,0.16,0.131,0.197
0.083,0.07,0.099,0.165,0.135,0.202
0.089,0.076,0.104,0.154,0.128,0.188
0.09,0.077,0.104,0.153,0.128,0.185
0.093,0.08,0.108,0.147,0.123,0.176
0.09,0.077,0.103,0.153,0.128,0.184
0.094,0.081,0.107,0.147,0.124,0.175
NA,NA,NA,NA,NA,NA
NA,NA,NA,NA,NA,NA
NA,NA,NA,NA,NA,NA
NA,NA,NA,NA,NA,NA
NA,NA,NA,NA,NA,NA
NA,NA,NA,NA,NA,NA
NA,NA,NA,NA,NA,NA
NA,NA,NA,NA,NA,NA
NA,NA,NA,NA,NA,NA
NA,NA,NA,NA,NA,NA
NA,NA,NA,NA,NA,NA
NA,NA,NA,NA,NA,NA
NA,NA,NA,NA,NA,NA
NA,NA,NA,NA,NA,NA
NA,NA,NA,NA,NA,NA
NA,NA,NA,NA,NA,NA
NA,NA,NA,NA,NA,NA
NA,NA,NA,NA,NA,NA
NA,NA,NA,NA,NA,NA
NA,NA,NA,NA,NA,NA
NA,NA,NA,NA,NA,NA
NA,NA,NA,NA,NA,NA
NA,NA,NA,NA,NA,NA
NA,NA,NA,NA,NA,NA
NA,NA,NA,NA,NA,NA
NA,NA,NA,NA,NA,NA
NA,NA,NA,NA,NA,NA
NA,NA,NA,NA,NA,NA
NA,NA,NA,NA,NA,NA
NA,NA,NA,NA,NA,NA
NA,NA,NA,NA,NA,NA
NA,NA,NA,NA,NA,NA
NA,NA,NA,NA,NA,NA
NA,NA,NA,NA,NA,NA
NA,NA,NA,NA,NA,NA
NA,NA,NA,NA,NA,NA
NA,NA,NA,NA,NA,NA
NA,NA,NA,NA,NA,NA
NA,NA,NA,NA,NA,NA
NA,NA,NA,NA,NA,NA
NA,NA,NA,NA,NA,NA
NA,NA,NA,NA,NA,NA
NA,NA,NA,NA,NA,NA
NA,NA,NA,NA,NA,NA
NA,NA,NA,NA,NA,NA
NA,NA,NA,NA,NA,NA
NA,NA,NA,NA,NA,NA
NA,NA,NA,NA,NA,NA
NA,NA,NA,NA,NA,NA
NA,NA,NA,NA,NA,NA
NA,NA,NA,NA,NA,NA
NA,NA,NA,NA,NA,NA
NA,NA,NA,NA,NA,NA
NA,NA,NA,NA,NA,NA
0.514,0.001,0.999,0.027,0.013,1
0.5,0.001,0.999,0.028,0.013,1
0.491,0.001,0.998,0.028,0.013,1
0.494,0.002,0.998,0.028,0.013,1
0.497,0.002,0.998,0.028,0.013,1
0.466,0.001,0.998,0.029,0.013,1
0.423,0.001,0.995,0.032,0.013,1
0.33,0.001,0.984,0.042,0.014,1
0.248,0.001,0.951,0.056,0.014,1
0.173,0,0.887,0.079,0.015,1
0.144,0,0.816,0.095,0.017,1
0.12,0,0.739,0.115,0.018,1
0.102,0,0.674,0.135,0.02,1
0.08,0,0.611,0.171,0.023,1
0.062,0,0.526,0.223,0.026,1
0.051,0,0.444,0.273,0.031,1
0.042,0,0.372,0.327,0.037,1
0.035,0,0.324,0.392,0.042,1
0.029,0,0.275,0.467,0.049,1
0.026,0,0.242,0.538,0.056,1
0.022,0,0.213,0.63,0.064,1
0.018,0,0.187,0.743,0.074,1
0.016,0,0.159,0.856,0.085,1
0.012,0,0.129,1,0.108,1
0.009,0,0.098,1,0.139,1
0.007,0,0.075,1,0.182,1
0.005,0,0.058,1,0.233,1
0.021,0.002,0.081,0.649,0.166,1
0.016,0.001,0.062,0.874,0.223,1
0.012,0.001,0.046,1,0.292,1
0.009,0.001,0.036,1,0.383,1
0.019,0.005,0.047,0.723,0.288,1
0.024,0.009,0.049,0.576,0.272,1
0.029,0.014,0.054,0.468,0.253,1
0.026,0.013,0.046,0.527,0.297,1
0.026,0.014,0.043,0.537,0.315,1
0.027,0.015,0.042,0.519,0.322,0.92
0.025,0.015,0.038,0.551,0.356,0.954
0.021,0.013,0.033,0.647,0.419,1
0.016,0.009,0.025,0.859,0.545,1
0.021,0.014,0.03,0.661,0.455,1
0.019,0.013,0.027,0.72,0.505,1
0.019,0.013,0.026,0.727,0.523,1
0.016,0.011,0.022,0.841,0.602,1
0.017,0.012,0.023,0.815,0.594,1
0.017,0.013,0.023,0.799,0.593,1
0.018,0.013,0.023,0.772,0.581,1
0.017,0.013,0.022,0.797,0.6,1
0.017,0.013,0.022,0.787,0.602,1
0.016,0.012,0.02,0.864,0.657,1
NA,NA,NA,NA,NA,NA
NA,NA,NA,NA,NA,NA
NA,NA,NA,NA,NA,NA
NA,NA,NA,NA,NA,NA
NA,NA,NA,NA,NA,NA
NA,NA,NA,NA,NA,NA
NA,NA,NA,NA,NA,NA
NA,NA,NA,NA,NA,NA
NA,NA,NA,NA,NA,NA
NA,NA,NA,NA,NA,NA
NA,NA,NA,NA,NA,NA
NA,NA,NA,NA,NA,NA
NA,NA,NA,NA,NA,NA
NA,NA,NA,NA,NA,NA
NA,NA,NA,NA,NA,NA
NA,NA,NA,NA,NA,NA
NA,NA,NA,NA,NA,NA
NA,NA,NA,NA,NA,NA
NA,NA,NA,NA,NA,NA
NA,NA,NA,NA,NA,NA
NA,NA,NA,NA,NA,NA
NA,NA,NA,NA,NA,NA
NA,NA,NA,NA,NA,NA
NA,NA,NA,NA,NA,NA
NA,NA,NA,NA,NA,NA
NA,NA,NA,NA,NA,NA
NA,NA,NA,NA,NA,NA
NA,NA,NA,NA,NA,NA
NA,NA,NA,NA,NA,NA
NA,NA,NA,NA,NA,NA
NA,NA,NA,NA,NA,NA
NA,NA,NA,NA,NA,NA
0.496,0.002,0.998,0.028,0.013,1
0.503,0.002,0.999,0.028,0.013,1
0.493,0.002,0.999,0.028,0.013,1
0.512,0.001,0.999,0.027,0.013,1
0.473,0.001,0.998,0.029,0.013,1
0.431,0.001,0.996,0.032,0.013,1
0.331,0.001,0.98,0.042,0.014,1
0.199,0.001,0.911,0.069,0.015,1
0.135,0,0.793,0.103,0.017,1
0.098,0,0.693,0.14,0.02,1
0.084,0,0.613,0.164,0.022,1
0.076,0,0.574,0.181,0.024,1
0.073,0,0.571,0.189,0.024,1
0.075,0,0.569,0.183,0.024,1
0.088,0,0.627,0.156,0.022,1
0.111,0,0.728,0.124,0.019,1
0.152,0,0.827,0.091,0.016,1
0.217,0.001,0.921,0.063,0.015,1
0.294,0.001,0.973,0.047,0.014,1
0.369,0.001,0.991,0.037,0.014,1
0.449,0.001,0.997,0.031,0.013,1
0.49,0.002,0.998,0.028,0.013,1
1,1,1,0.014,0.012,0.015
1,1,1,0.014,0.012,0.015
1,1,1,0.014,0.012,0.015
1,1,1,0.014,0.012,0.015
1,1,1,0.014,0.012,0.015
1,1,1,0.014,0.012,0.015
1,1,1,0.014,0.012,0.015
1,1,1,0.014,0.012,0.015
1,1,1,0.014,0.012,0.015
0.763,0.646,0.859,0.018,0.015,0.022
0.641,0.548,0.729,0.021,0.018,0.026
0.549,0.475,0.624,0.025,0.021,0.03
0.504,0.445,0.566,0.027,0.023,0.032
0.47,0.42,0.519,0.029,0.025,0.034
0.389,0.348,0.431,0.035,0.03,0.041
0.463,0.427,0.499,0.03,0.026,0.034
0.434,0.403,0.466,0.032,0.028,0.036
0.449,0.421,0.477,0.031,0.027,0.035
0.465,0.441,0.49,0.03,0.026,0.033
0.453,0.431,0.477,0.03,0.027,0.034
0.458,0.438,0.479,0.03,0.027,0.034
0.426,0.408,0.444,0.032,0.029,0.036
0.421,0.404,0.437,0.033,0.029,0.037
0.407,0.392,0.423,0.034,0.03,0.038
0.374,0.361,0.388,0.037,0.033,0.041
0.36,0.347,0.372,0.038,0.034,0.043
0.337,0.326,0.348,0.041,0.036,0.046
0.33,0.32,0.34,0.042,0.037,0.047
0.343,0.334,0.353,0.04,0.036,0.045
0.319,0.31,0.327,0.043,0.038,0.048
0.296,0.288,0.303,0.047,0.042,0.052
0.285,0.278,0.293,0.048,0.043,0.054
0.265,0.258,0.272,0.052,0.046,0.058
0.248,0.242,0.254,0.055,0.05,0.062
0.238,0.232,0.244,0.058,0.052,0.065
0.217,0.212,0.222,0.063,0.056,0.071
0.2,0.195,0.205,0.069,0.061,0.077
0.189,0.185,0.194,0.073,0.065,0.081
0.178,0.173,0.182,0.077,0.069,0.086
0.168,0.164,0.172,0.082,0.073,0.092
0.162,0.158,0.166,0.085,0.076,0.095
0.15,0.147,0.154,0.091,0.082,0.102
0.141,0.138,0.145,0.097,0.087,0.109
0.133,0.13,0.136,0.103,0.092,0.116
0.128,0.125,0.131,0.108,0.096,0.12
0.122,0.119,0.125,0.112,0.1,0.126
0.119,0.115,0.122,0.116,0.103,0.129
0.117,0.113,0.12,0.118,0.105,0.131
0.114,0.111,0.117,0.121,0.108,0.135
0.115,0.112,0.119,0.119,0.106,0.133
NA,NA,NA,NA,NA,NA
NA,NA,NA,NA,NA,NA
NA,NA,NA,NA,NA,NA
NA,NA,NA,NA,NA,NA
NA,NA,NA,NA,NA,NA
NA,NA,NA,NA,NA,NA
NA,NA,NA,NA,NA,NA
NA,NA,NA,NA,NA,NA
NA,NA,NA,NA,NA,NA
NA,NA,NA,NA,NA,NA
NA,NA,NA,NA,NA,NA
NA,NA,NA,NA,NA,NA
NA,NA,NA,NA,NA,NA
NA,NA,NA,NA,NA,NA
NA,NA,NA,NA,NA,NA
NA,NA,NA,NA,NA,NA
NA,NA,NA,NA,NA,NA
NA,NA,NA,NA,NA,NA
NA,NA,NA,NA,NA,NA
NA,NA,NA,NA,NA,NA
NA,NA,NA,NA,NA,NA
NA,NA,NA,NA,NA,NA
NA,NA,NA,NA,NA,NA
NA,NA,NA,NA,NA,NA
NA,NA,NA,NA,NA,NA
NA,NA,NA,NA,NA,NA
NA,NA,NA,NA,NA,NA
NA,NA,NA,NA,NA,NA
NA,NA,NA,NA,NA,NA
NA,NA,NA,NA,NA,NA
NA,NA,NA,NA,NA,NA
NA,NA,NA,NA,NA,NA
NA,NA,NA,NA,NA,NA
NA,NA,NA,NA,NA,NA
NA,NA,NA,NA,NA,NA
NA,NA,NA,NA,NA,NA
NA,NA,NA,NA,NA,NA
NA,NA,NA,NA,NA,NA
NA,NA,NA,NA,NA,NA
NA,NA,NA,NA,NA,NA
NA,NA,NA,NA,NA,NA
NA,NA,NA,NA,NA,NA
NA,NA,NA,NA,NA,NA
NA,NA,NA,NA,NA,NA
NA,NA,NA,NA,NA,NA
NA,NA,NA,NA,NA,NA
NA,NA,NA,NA,NA,NA
NA,NA,NA,NA,NA,NA
NA,NA,NA,NA,NA,NA
NA,NA,NA,NA,NA,NA
NA,NA,NA,NA,NA,NA
NA,NA,NA,NA,NA,NA
NA,NA,NA,NA,NA,NA
NA,NA,NA,NA,NA,NA
NA,NA,NA,NA,NA,NA
NA,NA,NA,NA,NA,NA
NA,NA,NA,NA,NA,NA
NA,NA,NA,NA,NA,NA
NA,NA,NA,NA,NA,NA
NA,NA,NA,NA,NA,NA
NA,NA,NA,NA,NA,NA
0.483,0.001,0.999,0.028,0.013,1
0.496,0.002,0.999,0.028,0.013,1
0.499,0.001,0.998,0.027,0.013,1
0.504,0.001,0.998,0.027,0.013,1
0.5,0.002,0.998,0.028,0.013,1
0.461,0.001,0.996,0.03,0.013,1
0.332,0.001,0.985,0.041,0.014,1
0.208,0.001,0.915,0.066,0.015,1
0.126,0,0.763,0.109,0.018,1
0.086,0,0.618,0.16,0.022,1
0.061,0,0.506,0.225,0.027,1
0.052,0,0.443,0.268,0.031,1
0.046,0,0.418,0.296,0.032,1
0.047,0,0.421,0.296,0.032,1
0.049,0,0.429,0.279,0.032,1
0.055,0,0.465,0.253,0.029,1
0.066,0,0.533,0.21,0.026,1
0.072,0,0.564,0.191,0.024,1
0.071,0,0.552,0.194,0.025,1
0.052,0,0.443,0.263,0.031,1
0.324,0.072,0.689,0.042,0.02,0.192
0.195,0.04,0.471,0.07,0.029,0.347
0.12,0.023,0.312,0.115,0.044,0.598
0.148,0.051,0.306,0.093,0.044,0.27
0.127,0.049,0.25,0.108,0.054,0.281
0.092,0.035,0.185,0.149,0.074,0.394
0.109,0.052,0.192,0.126,0.07,0.265
0.105,0.054,0.176,0.131,0.077,0.256
0.117,0.068,0.181,0.118,0.075,0.205
0.12,0.074,0.177,0.114,0.077,0.187
0.131,0.088,0.186,0.105,0.073,0.159
0.111,0.074,0.157,0.124,0.086,0.188
0.127,0.09,0.172,0.108,0.078,0.156
0.145,0.108,0.188,0.095,0.072,0.13
0.144,0.109,0.186,0.096,0.073,0.128
0.163,0.129,0.202,0.084,0.066,0.11
0.165,0.132,0.201,0.083,0.067,0.106
0.187,0.155,0.222,0.074,0.06,0.091
0.189,0.159,0.221,0.073,0.06,0.089
0.206,0.177,0.239,0.067,0.056,0.08
0.196,0.169,0.226,0.07,0.059,0.084
0.216,0.188,0.245,0.064,0.054,0.076
0.224,0.197,0.252,0.061,0.052,0.073
NA,NA,NA,NA,NA,NA
NA,NA,NA,NA,NA,NA
NA,NA,NA,NA,NA,NA
NA,NA,NA,NA,NA,NA
NA,NA,NA,NA,NA,NA
NA,NA,NA,NA,NA,NA
NA,NA,NA,NA,NA,NA
NA,NA,NA,NA,NA,NA
NA,NA,NA,NA,NA,NA
NA,NA,NA,NA,NA,NA
NA,NA,NA,NA,NA,NA
NA,NA,NA,NA,NA,NA
NA,NA,NA,NA,NA,NA
NA,NA,NA,NA,NA,NA
NA,NA,NA,NA,NA,NA
NA,NA,NA,NA,NA,NA
NA,NA,NA,NA,NA,NA
NA,NA,NA,NA,NA,NA
NA,NA,NA,NA,NA,NA
NA,NA,NA,NA,NA,NA
NA,NA,NA,NA,NA,NA
NA,NA,NA,NA,NA,NA
NA,NA,NA,NA,NA,NA
NA,NA,NA,NA,NA,NA
NA,NA,NA,NA,NA,NA
NA,NA,NA,NA,NA,NA
NA,NA,NA,NA,NA,NA
NA,NA,NA,NA,NA,NA
NA,NA,NA,NA,NA,NA
NA,NA,NA,NA,NA,NA
NA,NA,NA,NA,NA,NA
NA,NA,NA,NA,NA,NA
NA,NA,NA,NA,NA,NA
NA,NA,NA,NA,NA,NA
NA,NA,NA,NA,NA,NA
NA,NA,NA,NA,NA,NA
NA,NA,NA,NA,NA,NA
NA,NA,NA,NA,NA,NA
NA,NA,NA,NA,NA,NA
NA,NA,NA,NA,NA,NA
NA,NA,NA,NA,NA,NA
NA,NA,NA,NA,NA,NA
NA,NA,NA,NA,NA,NA
NA,NA,NA,NA,NA,NA
NA,NA,NA,NA,NA,NA
NA,NA,NA,NA,NA,NA
NA,NA,NA,NA,NA,NA
NA,NA,NA,NA,NA,NA
NA,NA,NA,NA,NA,NA
NA,NA,NA,NA,NA,NA
NA,NA,NA,NA,NA,NA
NA,NA,NA,NA,NA,NA
NA,NA,NA,NA,NA,NA
NA,NA,NA,NA,NA,NA
NA,NA,NA,NA,NA,NA
NA,NA,NA,NA,NA,NA
NA,NA,NA,NA,NA,NA
NA,NA,NA,NA,NA,NA
NA,NA,NA,NA,NA,NA
NA,NA,NA,NA,NA,NA
NA,NA,NA,NA,NA,NA
NA,NA,NA,NA,NA,NA
NA,NA,NA,NA,NA,NA
NA,NA,NA,NA,NA,NA
0.504,0.002,0.999,0.027,0.013,1
0.496,0.002,0.998,0.028,0.013,1
0.504,0.001,0.999,0.028,0.013,1
0.503,0.001,0.998,0.028,0.013,1
0.481,0.002,0.998,0.029,0.013,1
0.483,0.001,0.998,0.029,0.013,1
0.415,0.001,0.995,0.033,0.013,1
0.352,0.001,0.984,0.039,0.014,1
1,1,1,0.014,0.012,0.015
1,1,1,0.014,0.012,0.015
0.83,0.145,1,0.017,0.013,0.095
0.702,0.099,0.993,0.02,0.013,0.142
0.608,0.084,0.979,0.023,0.014,0.164
0.577,0.075,0.973,0.024,0.014,0.187
1,1,1,0.014,0.012,0.015
0.542,0.067,0.957,0.025,0.014,0.205
0.474,0.058,0.924,0.029,0.015,0.241
0.658,0.183,0.964,0.021,0.014,0.075
0.436,0.109,0.82,0.032,0.016,0.128
0.395,0.121,0.724,0.035,0.019,0.113
0.245,0.072,0.509,0.056,0.026,0.193
0.167,0.048,0.368,0.083,0.037,0.289
0.156,0.053,0.322,0.088,0.042,0.262
0.235,0.114,0.393,0.059,0.034,0.121
0.469,0.325,0.615,0.029,0.022,0.043
0.386,0.266,0.519,0.036,0.026,0.053
0.359,0.247,0.481,0.038,0.028,0.056
0.408,0.3,0.526,0.034,0.026,0.047
0.377,0.276,0.483,0.036,0.028,0.051
0.338,0.251,0.436,0.041,0.031,0.056
0.287,0.212,0.373,0.048,0.036,0.066
0.145,0.095,0.208,0.095,0.065,0.147
0.203,0.15,0.266,0.068,0.051,0.093
0.205,0.153,0.262,0.067,0.051,0.091
0.183,0.139,0.232,0.075,0.058,0.101
0.179,0.138,0.225,0.077,0.06,0.102
0.156,0.121,0.197,0.088,0.068,0.116
0.14,0.107,0.178,0.098,0.076,0.131
0.157,0.123,0.194,0.088,0.069,0.114
0.124,0.095,0.157,0.111,0.085,0.147
NA,NA,NA,NA,NA,NA
NA,NA,NA,NA,NA,NA
NA,NA,NA,NA,NA,NA
NA,NA,NA,NA,NA,NA
NA,NA,NA,NA,NA,NA
NA,NA,NA,NA,NA,NA
NA,NA,NA,NA,NA,NA
NA,NA,NA,NA,NA,NA
NA,NA,NA,NA,NA,NA
NA,NA,NA,NA,NA,NA
NA,NA,NA,NA,NA,NA
NA,NA,NA,NA,NA,NA
NA,NA,NA,NA,NA,NA
NA,NA,NA,NA,NA,NA
NA,NA,NA,NA,NA,NA
NA,NA,NA,NA,NA,NA
NA,NA,NA,NA,NA,NA
NA,NA,NA,NA,NA,NA
NA,NA,NA,NA,NA,NA
NA,NA,NA,NA,NA,NA
NA,NA,NA,NA,NA,NA
NA,NA,NA,NA,NA,NA
NA,NA,NA,NA,NA,NA
NA,NA,NA,NA,NA,NA
NA,NA,NA,NA,NA,NA
NA,NA,NA,NA,NA,NA
NA,NA,NA,NA,NA,NA
NA,NA,NA,NA,NA,NA
NA,NA,NA,NA,NA,NA
NA,NA,NA,NA,NA,NA
NA,NA,NA,NA,NA,NA
NA,NA,NA,NA,NA,NA
NA,NA,NA,NA,NA,NA
NA,NA,NA,NA,NA,NA
NA,NA,NA,NA,NA,NA
NA,NA,NA,NA,NA,NA
NA,NA,NA,NA,NA,NA
NA,NA,NA,NA,NA,NA
NA,NA,NA,NA,NA,NA
NA,NA,NA,NA,NA,NA
NA,NA,NA,NA,NA,NA
NA,NA,NA,NA,NA,NA
NA,NA,NA,NA,NA,NA
NA,NA,NA,NA,NA,NA
NA,NA,NA,NA,NA,NA
NA,NA,NA,NA,NA,NA
NA,NA,NA,NA,NA,NA
NA,NA,NA,NA,NA,NA
NA,NA,NA,NA,NA,NA
NA,NA,NA,NA,NA,NA
NA,NA,NA,NA,NA,NA
NA,NA,NA,NA,NA,NA
NA,NA,NA,NA,NA,NA
NA,NA,NA,NA,NA,NA
NA,NA,NA,NA,NA,NA
NA,NA,NA,NA,NA,NA
NA,NA,NA,NA,NA,NA
NA,NA,NA,NA,NA,NA
NA,NA,NA,NA,NA,NA
NA,NA,NA,NA,NA,NA
0.495,0.001,0.999,0.028,0.013,1
0.49,0.002,0.998,0.028,0.013,1
0.504,0.001,0.998,0.027,0.013,1
0.505,0.002,0.998,0.027,0.013,1
0.496,0.001,0.999,0.028,0.013,1
0.455,0.001,0.998,0.03,0.013,1
0.393,0.001,0.992,0.035,0.014,1
1,1,1,0.014,0.012,0.015
0.685,0.094,0.992,0.02,0.013,0.145
0.933,0.456,1,0.015,0.013,0.03
0.519,0.179,0.849,0.026,0.016,0.079
0.405,0.154,0.697,0.034,0.019,0.09
0.313,0.13,0.554,0.044,0.024,0.106
0.194,0.076,0.371,0.071,0.037,0.18
0.097,0.032,0.208,0.142,0.065,0.438
0.164,0.089,0.263,0.084,0.051,0.155
0.168,0.105,0.248,0.082,0.054,0.133
0.146,0.094,0.208,0.094,0.065,0.147
0.2,0.148,0.26,0.069,0.052,0.094
0.21,0.163,0.262,0.065,0.051,0.087
0.224,0.18,0.271,0.062,0.049,0.079
0.257,0.216,0.302,0.053,0.044,0.065
0.26,0.223,0.301,0.053,0.044,0.064
0.278,0.243,0.316,0.049,0.042,0.059
0.277,0.243,0.311,0.05,0.042,0.059
0.286,0.257,0.318,0.048,0.041,0.056
0.307,0.279,0.337,0.045,0.039,0.052
0.309,0.283,0.336,0.044,0.039,0.051
0.318,0.294,0.343,0.043,0.038,0.049
0.305,0.283,0.328,0.045,0.04,0.051
0.303,0.283,0.324,0.045,0.04,0.052
0.284,0.266,0.302,0.048,0.043,0.055
0.287,0.27,0.304,0.048,0.042,0.054
0.267,0.252,0.283,0.051,0.045,0.058
0.26,0.245,0.274,0.053,0.047,0.06
0.238,0.225,0.251,0.058,0.051,0.065
0.226,0.214,0.239,0.061,0.054,0.069
0.199,0.188,0.21,0.069,0.061,0.078
0.182,0.172,0.192,0.076,0.067,0.085
0.177,0.168,0.187,0.078,0.069,0.088
0.168,0.159,0.177,0.082,0.072,0.092
0.158,0.149,0.167,0.087,0.077,0.098
0.148,0.14,0.157,0.093,0.082,0.105
0.141,0.133,0.15,0.097,0.086,0.11
NA,NA,NA,NA,NA,NA
NA,NA,NA,NA,NA,NA
NA,NA,NA,NA,NA,NA
NA,NA,NA,NA,NA,NA
NA,NA,NA,NA,NA,NA
NA,NA,NA,NA,NA,NA
NA,NA,NA,NA,NA,NA
NA,NA,NA,NA,NA,NA
NA,NA,NA,NA,NA,NA
NA,NA,NA,NA,NA,NA
NA,NA,NA,NA,NA,NA
NA,NA,NA,NA,NA,NA
NA,NA,NA,NA,NA,NA
NA,NA,NA,NA,NA,NA
NA,NA,NA,NA,NA,NA
NA,NA,NA,NA,NA,NA
NA,NA,NA,NA,NA,NA
NA,NA,NA,NA,NA,NA
NA,NA,NA,NA,NA,NA
NA,NA,NA,NA,NA,NA
NA,NA,NA,NA,NA,NA
NA,NA,NA,NA,NA,NA
NA,NA,NA,NA,NA,NA
NA,NA,NA,NA,NA,NA
NA,NA,NA,NA,NA,NA
NA,NA,NA,NA,NA,NA
NA,NA,NA,NA,NA,NA
NA,NA,NA,NA,NA,NA
NA,NA,NA,NA,NA,NA
NA,NA,NA,NA,NA,NA
NA,NA,NA,NA,NA,NA
NA,NA,NA,NA,NA,NA
NA,NA,NA,NA,NA,NA
NA,NA,NA,NA,NA,NA
NA,NA,NA,NA,NA,NA
NA,NA,NA,NA,NA,NA
NA,NA,NA,NA,NA,NA
NA,NA,NA,NA,NA,NA
NA,NA,NA,NA,NA,NA
NA,NA,NA,NA,NA,NA
NA,NA,NA,NA,NA,NA
NA,NA,NA,NA,NA,NA
NA,NA,NA,NA,NA,NA
NA,NA,NA,NA,NA,NA
NA,NA,NA,NA,NA,NA
NA,NA,NA,NA,NA,NA
NA,NA,NA,NA,NA,NA
NA,NA,NA,NA,NA,NA
NA,NA,NA,NA,NA,NA
NA,NA,NA,NA,NA,NA
NA,NA,NA,NA,NA,NA
NA,NA,NA,NA,NA,NA
NA,NA,NA,NA,NA,NA
NA,NA,NA,NA,NA,NA
NA,NA,NA,NA,NA,NA
NA,NA,NA,NA,NA,NA
NA,NA,NA,NA,NA,NA
NA,NA,NA,NA,NA,NA
NA,NA,NA,NA,NA,NA
NA,NA,NA,NA,NA,NA
NA,NA,NA,NA,NA,NA
NA,NA,NA,NA,NA,NA
NA,NA,NA,NA,NA,NA
NA,NA,NA,NA,NA,NA
NA,NA,NA,NA,NA,NA
NA,NA,NA,NA,NA,NA
NA,NA,NA,NA,NA,NA
NA,NA,NA,NA,NA,NA
0.504,0.001,0.998,0.027,0.013,1
0.5,0.001,0.998,0.028,0.013,1
0.507,0.002,0.999,0.027,0.013,1
0.496,0.001,0.998,0.028,0.013,1
0.5,0.002,0.998,0.028,0.013,1
0.481,0.002,0.998,0.029,0.013,1
0.407,0.001,0.995,0.034,0.013,1
0.268,0.001,0.962,0.052,0.014,1
0.155,0,0.839,0.089,0.016,1
0.086,0,0.617,0.159,0.022,1
0.051,0,0.437,0.274,0.031,1
0.033,0,0.306,0.411,0.045,1
0.21,0.042,0.503,0.066,0.027,0.321
0.213,0.062,0.456,0.064,0.03,0.223
0.245,0.098,0.454,0.056,0.03,0.14
0.178,0.07,0.339,0.077,0.04,0.198
0.131,0.051,0.256,0.105,0.053,0.271
0.137,0.063,0.248,0.1,0.055,0.219
0.117,0.057,0.204,0.117,0.066,0.244
0.078,0.035,0.143,0.177,0.095,0.393
0.067,0.032,0.123,0.204,0.111,0.435
0.072,0.038,0.12,0.192,0.113,0.359
0.069,0.039,0.111,0.199,0.122,0.353
0.085,0.054,0.126,0.162,0.107,0.26
0.091,0.06,0.13,0.151,0.103,0.233
0.138,0.102,0.182,0.099,0.074,0.137
0.15,0.113,0.192,0.092,0.07,0.123
0.152,0.117,0.193,0.091,0.07,0.121
0.165,0.128,0.207,0.084,0.065,0.109
0.178,0.141,0.217,0.078,0.061,0.099
0.172,0.136,0.21,0.08,0.064,0.103
0.174,0.141,0.21,0.079,0.063,0.1
0.147,0.118,0.179,0.093,0.074,0.119
0.143,0.116,0.174,0.096,0.076,0.121
0.162,0.135,0.191,0.085,0.07,0.105
0.141,0.118,0.167,0.097,0.08,0.121
NA,NA,NA,NA,NA,NA
NA,NA,NA,NA,NA,NA
NA,NA,NA,NA,NA,NA
NA,NA,NA,NA,NA,NA
NA,NA,NA,NA,NA,NA
NA,NA,NA,NA,NA,NA
NA,NA,NA,NA,NA,NA
NA,NA,NA,NA,NA,NA
NA,NA,NA,NA,NA,NA
NA,NA,NA,NA,NA,NA
NA,NA,NA,NA,NA,NA
NA,NA,NA,NA,NA,NA
NA,NA,NA,NA,NA,NA
NA,NA,NA,NA,NA,NA
NA,NA,NA,NA,NA,NA
NA,NA,NA,NA,NA,NA
NA,NA,NA,NA,NA,NA
NA,NA,NA,NA,NA,NA
NA,NA,NA,NA,NA,NA
NA,NA,NA,NA,NA,NA
NA,NA,NA,NA,NA,NA
NA,NA,NA,NA,NA,NA
NA,NA,NA,NA,NA,NA
NA,NA,NA,NA,NA,NA
NA,NA,NA,NA,NA,NA
NA,NA,NA,NA,NA,NA
NA,NA,NA,NA,NA,NA
NA,NA,NA,NA,NA,NA
NA,NA,NA,NA,NA,NA
NA,NA,NA,NA,NA,NA
NA,NA,NA,NA,NA,NA
0.491,0.002,0.999,0.028,0.013,1
0.505,0.002,0.998,0.027,0.013,1
1,1,1,0.014,0.012,0.015
1,1,1,0.014,0.012,0.015
1,1,1,0.014,0.012,0.015
1,1,1,0.014,0.012,0.015
1,1,1,0.014,0.012,0.015
1,1,1,0.014,0.012,0.015
1,1,1,0.014,0.012,0.015
0.204,0,0.904,0.067,0.015,1
0.16,0,0.86,0.086,0.016,1
0.134,0,0.796,0.103,0.017,1
0.116,0,0.742,0.118,0.019,1
0.108,0,0.718,0.128,0.019,1
0.101,0,0.676,0.136,0.02,1
0.097,0,0.69,0.142,0.02,1
0.097,0,0.678,0.142,0.02,1
0.105,0,0.708,0.131,0.019,1
0.117,0,0.754,0.117,0.018,1
0.131,0,0.775,0.105,0.018,1
0.15,0,0.831,0.092,0.016,1
0.173,0,0.875,0.08,0.016,1
0.221,0.001,0.925,0.062,0.015,1
0.281,0.001,0.962,0.049,0.014,1
0.338,0.001,0.987,0.04,0.014,1
0.409,0.001,0.994,0.034,0.013,1
0.461,0.001,0.997,0.03,0.013,1
0.494,0.002,0.998,0.028,0.013,1
0.493,0.001,0.998,0.028,0.013,1
0.505,0.001,0.999,0.027,0.013,1
0.507,0.002,0.998,0.027,0.013,1
0.506,0.002,0.998,0.027,0.013,1
0.509,0.001,0.998,0.027,0.013,1
0.492,0.002,0.999,0.028,0.013,1
0.495,0.001,0.998,0.028,0.013,1
0.499,0.001,0.998,0.028,0.013,1
0.5,0.002,0.998,0.028,0.013,1
0.499,0.002,0.998,0.028,0.013,1
0.504,0.001,0.998,0.027,0.013,1
0.494,0.002,0.998,0.028,0.013,1
0.497,0.001,0.998,0.028,0.013,1
1,1,1,0.014,0.012,0.015
1,1,1,0.014,0.012,0.015
1,1,1,0.014,0.012,0.015
1,1,1,0.014,0.012,0.015
1,1,1,0.014,0.012,0.015
1,1,1,0.014,0.012,0.015
1,1,1,0.014,0.012,0.015
0.895,0.709,0.983,0.015,0.013,0.02
0.643,0.45,0.81,0.021,0.017,0.031
0.352,0.209,0.516,0.039,0.026,0.067
0.415,0.282,0.557,0.033,0.024,0.049
0.217,0.127,0.331,0.063,0.041,0.109
0.275,0.185,0.379,0.05,0.035,0.075
0.223,0.148,0.317,0.062,0.043,0.095
0.19,0.125,0.272,0.072,0.05,0.112
0.213,0.148,0.289,0.064,0.047,0.095
0.253,0.185,0.326,0.055,0.041,0.076
0.268,0.203,0.34,0.051,0.039,0.069
0.252,0.193,0.317,0.055,0.042,0.073
0.263,0.206,0.325,0.052,0.041,0.068
0.219,0.17,0.274,0.063,0.049,0.082
0.207,0.162,0.256,0.067,0.052,0.087
0.19,0.15,0.234,0.072,0.057,0.094
0.215,0.176,0.257,0.064,0.052,0.08
0.168,0.135,0.205,0.082,0.065,0.104
0.146,0.118,0.177,0.094,0.075,0.119
0.107,0.085,0.131,0.129,0.102,0.165
0.099,0.081,0.12,0.139,0.111,0.175
0.077,0.062,0.093,0.178,0.143,0.226
0.072,0.059,0.087,0.19,0.154,0.238
0.044,0.034,0.055,0.313,0.244,0.41
0.061,0.05,0.072,0.227,0.185,0.284
NA,NA,NA,NA,NA,NA
NA,NA,NA,NA,NA,NA
NA,NA,NA,NA,NA,NA
NA,NA,NA,NA,NA,NA
NA,NA,NA,NA,NA,NA
NA,NA,NA,NA,NA,NA
NA,NA,NA,NA,NA,NA
NA,NA,NA,NA,NA,NA
NA,NA,NA,NA,NA,NA
NA,NA,NA,NA,NA,NA
NA,NA,NA,NA,NA,NA
NA,NA,NA,NA,NA,NA
NA,NA,NA,NA,NA,NA
NA,NA,NA,NA,NA,NA
NA,NA,NA,NA,NA,NA
NA,NA,NA,NA,NA,NA
NA,NA,NA,NA,NA,NA
NA,NA,NA,NA,NA,NA
NA,NA,NA,NA,NA,NA
NA,NA,NA,NA,NA,NA
NA,NA,NA,NA,NA,NA
NA,NA,NA,NA,NA,NA
NA,NA,NA,NA,NA,NA
NA,NA,NA,NA,NA,NA
NA,NA,NA,NA,NA,NA
NA,NA,NA,NA,NA,NA
NA,NA,NA,NA,NA,NA
NA,NA,NA,NA,NA,NA
NA,NA,NA,NA,NA,NA
NA,NA,NA,NA,NA,NA
NA,NA,NA,NA,NA,NA
NA,NA,NA,NA,NA,NA
NA,NA,NA,NA,NA,NA
NA,NA,NA,NA,NA,NA
NA,NA,NA,NA,NA,NA
NA,NA,NA,NA,NA,NA
NA,NA,NA,NA,NA,NA
NA,NA,NA,NA,NA,NA
NA,NA,NA,NA,NA,NA
NA,NA,NA,NA,NA,NA
NA,NA,NA,NA,NA,NA
NA,NA,NA,NA,NA,NA
NA,NA,NA,NA,NA,NA
NA,NA,NA,NA,NA,NA
NA,NA,NA,NA,NA,NA
NA,NA,NA,NA,NA,NA
NA,NA,NA,NA,NA,NA
NA,NA,NA,NA,NA,NA
NA,NA,NA,NA,NA,NA
NA,NA,NA,NA,NA,NA
NA,NA,NA,NA,NA,NA
NA,NA,NA,NA,NA,NA
NA,NA,NA,NA,NA,NA
NA,NA,NA,NA,NA,NA
NA,NA,NA,NA,NA,NA
NA,NA,NA,NA,NA,NA
NA,NA,NA,NA,NA,NA
NA,NA,NA,NA,NA,NA
NA,NA,NA,NA,NA,NA
NA,NA,NA,NA,NA,NA
NA,NA,NA,NA,NA,NA
NA,NA,NA,NA,NA,NA
NA,NA,NA,NA,NA,NA
NA,NA,NA,NA,NA,NA
NA,NA,NA,NA,NA,NA
0.508,0.002,0.999,0.027,0.013,1
0.502,0.002,0.998,0.027,0.013,1
0.503,0.001,0.999,0.027,0.013,1
0.496,0.001,0.998,0.028,0.013,1
0.491,0.001,0.998,0.028,0.013,1
0.492,0.002,0.998,0.028,0.013,1
0.422,0.001,0.995,0.033,0.013,1
0.342,0.001,0.986,0.04,0.014,1
1,1,1,0.014,0.012,0.015
1,1,1,0.014,0.012,0.015
1,1,1,0.014,0.012,0.015
0.822,0.337,0.992,0.017,0.013,0.041
0.679,0.301,0.934,0.02,0.014,0.045
0.556,0.252,0.827,0.025,0.016,0.055
0.377,0.156,0.632,0.036,0.021,0.089
0.21,0.073,0.414,0.066,0.033,0.19
0.112,0.032,0.258,0.123,0.053,0.433
0.054,0.011,0.151,0.256,0.091,1
0.074,0.025,0.162,0.186,0.085,0.559
0.054,0.018,0.119,0.255,0.114,0.781
0.05,0.019,0.102,0.274,0.133,0.737
0.067,0.033,0.117,0.204,0.117,0.415
0.064,0.034,0.106,0.215,0.128,0.405
0.051,0.027,0.086,0.268,0.158,0.512
0.05,0.028,0.081,0.276,0.167,0.496
0.048,0.028,0.074,0.289,0.183,0.5
0.062,0.04,0.088,0.223,0.153,0.348
0.052,0.034,0.075,0.263,0.18,0.409
0.057,0.039,0.079,0.242,0.171,0.356
0.069,0.051,0.092,0.199,0.146,0.276
0.081,0.062,0.103,0.17,0.13,0.227
0.079,0.061,0.099,0.175,0.135,0.23
0.082,0.065,0.102,0.167,0.132,0.216
0.077,0.061,0.095,0.178,0.14,0.23
0.088,0.072,0.105,0.156,0.127,0.196
0.096,0.081,0.114,0.143,0.117,0.175
0.089,0.074,0.105,0.155,0.127,0.19
0.076,0.063,0.09,0.181,0.147,0.223
0.081,0.068,0.095,0.169,0.14,0.208
NA,NA,NA,NA,NA,NA
NA,NA,NA,NA,NA,NA
NA,NA,NA,NA,NA,NA
NA,NA,NA,NA,NA,NA
NA,NA,NA,NA,NA,NA
NA,NA,NA,NA,NA,NA
NA,NA,NA,NA,NA,NA
NA,NA,NA,NA,NA,NA
NA,NA,NA,NA,NA,NA
NA,NA,NA,NA,NA,NA
NA,NA,NA,NA,NA,NA
NA,NA,NA,NA,NA,NA
NA,NA,NA,NA,NA,NA
NA,NA,NA,NA,NA,NA
NA,NA,NA,NA,NA,NA
NA,NA,NA,NA,NA,NA
NA,NA,NA,NA,NA,NA
NA,NA,NA,NA,NA,NA
NA,NA,NA,NA,NA,NA
NA,NA,NA,NA,NA,NA
NA,NA,NA,NA,NA,NA
NA,NA,NA,NA,NA,NA
NA,NA,NA,NA,NA,NA
NA,NA,NA,NA,NA,NA
NA,NA,NA,NA,NA,NA
NA,NA,NA,NA,NA,NA
NA,NA,NA,NA,NA,NA
NA,NA,NA,NA,NA,NA
NA,NA,NA,NA,NA,NA
NA,NA,NA,NA,NA,NA
NA,NA,NA,NA,NA,NA
NA,NA,NA,NA,NA,NA
NA,NA,NA,NA,NA,NA
NA,NA,NA,NA,NA,NA
NA,NA,NA,NA,NA,NA
NA,NA,NA,NA,NA,NA
NA,NA,NA,NA,NA,NA
NA,NA,NA,NA,NA,NA
NA,NA,NA,NA,NA,NA
NA,NA,NA,NA,NA,NA
NA,NA,NA,NA,NA,NA
NA,NA,NA,NA,NA,NA
NA,NA,NA,NA,NA,NA
NA,NA,NA,NA,NA,NA
NA,NA,NA,NA,NA,NA
NA,NA,NA,NA,NA,NA
NA,NA,NA,NA,NA,NA
NA,NA,NA,NA,NA,NA
NA,NA,NA,NA,NA,NA
NA,NA,NA,NA,NA,NA
NA,NA,NA,NA,NA,NA
NA,NA,NA,NA,NA,NA
NA,NA,NA,NA,NA,NA
NA,NA,NA,NA,NA,NA
NA,NA,NA,NA,NA,NA
NA,NA,NA,NA,NA,NA
NA,NA,NA,NA,NA,NA
NA,NA,NA,NA,NA,NA
NA,NA,NA,NA,NA,NA
NA,NA,NA,NA,NA,NA
NA,NA,NA,NA,NA,NA
NA,NA,NA,NA,NA,NA
NA,NA,NA,NA,NA,NA
NA,NA,NA,NA,NA,NA
0.515,0.001,0.999,0.027,0.013,1
0.501,0.002,0.998,0.027,0.013,1
0.51,0.002,0.998,0.027,0.013,1
0.503,0.002,0.999,0.027,0.013,1
0.491,0.002,0.999,0.028,0.013,1
0.454,0.001,0.996,0.03,0.013,1
0.336,0.001,0.98,0.041,0.014,1
0.201,0,0.913,0.069,0.015,1
0.115,0,0.753,0.12,0.018,1
0.069,0,0.552,0.2,0.025,1
0.043,0,0.386,0.318,0.036,1
0.028,0,0.27,0.484,0.051,1
0.019,0,0.187,0.706,0.073,1
0.013,0,0.142,1,0.098,1
0.053,0.005,0.196,0.26,0.069,1
0.074,0.015,0.2,0.185,0.068,0.941
0.084,0.022,0.196,0.164,0.07,0.628
0.124,0.052,0.229,0.111,0.059,0.266
0.182,0.102,0.284,0.076,0.048,0.136
0.153,0.091,0.235,0.09,0.058,0.153
0.178,0.119,0.25,0.077,0.054,0.118
0.174,0.125,0.235,0.079,0.057,0.111
0.16,0.118,0.209,0.086,0.064,0.118
0.163,0.127,0.203,0.084,0.066,0.111
0.15,0.119,0.185,0.091,0.072,0.118
0.145,0.119,0.176,0.095,0.076,0.119
0.136,0.113,0.161,0.101,0.082,0.125
0.121,0.102,0.143,0.113,0.093,0.139
0.107,0.09,0.125,0.129,0.106,0.158
0.1,0.085,0.116,0.138,0.114,0.167
0.086,0.073,0.1,0.16,0.133,0.193
0.082,0.071,0.094,0.167,0.14,0.201
0.068,0.058,0.078,0.203,0.169,0.244
0.061,0.053,0.071,0.224,0.188,0.269
0.052,0.045,0.06,0.266,0.222,0.319
0.05,0.043,0.057,0.278,0.233,0.333
0.047,0.041,0.053,0.295,0.248,0.352
0.044,0.038,0.05,0.311,0.261,0.371
0.039,0.034,0.045,0.352,0.295,0.42
0.04,0.035,0.046,0.343,0.289,0.41
NA,NA,NA,NA,NA,NA
NA,NA,NA,NA,NA,NA
NA,NA,NA,NA,NA,NA
NA,NA,NA,NA,NA,NA
NA,NA,NA,NA,NA,NA
NA,NA,NA,NA,NA,NA
NA,NA,NA,NA,NA,NA
NA,NA,NA,NA,NA,NA
NA,NA,NA,NA,NA,NA
NA,NA,NA,NA,NA,NA
NA,NA,NA,NA,NA,NA
NA,NA,NA,NA,NA,NA
NA,NA,NA,NA,NA,NA
NA,NA,NA,NA,NA,NA
NA,NA,NA,NA,NA,NA
NA,NA,NA,NA,NA,NA
NA,NA,NA,NA,NA,NA
NA,NA,NA,NA,NA,NA
NA,NA,NA,NA,NA,NA
NA,NA,NA,NA,NA,NA
NA,NA,NA,NA,NA,NA
NA,NA,NA,NA,NA,NA
NA,NA,NA,NA,NA,NA
NA,NA,NA,NA,NA,NA
NA,NA,NA,NA,NA,NA
NA,NA,NA,NA,NA,NA
NA,NA,NA,NA,NA,NA
NA,NA,NA,NA,NA,NA
NA,NA,NA,NA,NA,NA
NA,NA,NA,NA,NA,NA
NA,NA,NA,NA,NA,NA
NA,NA,NA,NA,NA,NA
NA,NA,NA,NA,NA,NA
NA,NA,NA,NA,NA,NA
NA,NA,NA,NA,NA,NA
NA,NA,NA,NA,NA,NA
NA,NA,NA,NA,NA,NA
NA,NA,NA,NA,NA,NA
NA,NA,NA,NA,NA,NA
NA,NA,NA,NA,NA,NA
NA,NA,NA,NA,NA,NA
NA,NA,NA,NA,NA,NA
NA,NA,NA,NA,NA,NA
NA,NA,NA,NA,NA,NA
NA,NA,NA,NA,NA,NA
NA,NA,NA,NA,NA,NA
NA,NA,NA,NA,NA,NA
NA,NA,NA,NA,NA,NA
NA,NA,NA,NA,NA,NA
NA,NA,NA,NA,NA,NA
NA,NA,NA,NA,NA,NA
NA,NA,NA,NA,NA,NA
NA,NA,NA,NA,NA,NA
NA,NA,NA,NA,NA,NA
NA,NA,NA,NA,NA,NA
NA,NA,NA,NA,NA,NA
NA,NA,NA,NA,NA,NA
NA,NA,NA,NA,NA,NA
NA,NA,NA,NA,NA,NA
0.494,0.001,0.999,0.028,0.013,1
0.497,0.002,0.998,0.028,0.013,1
0.508,0.002,0.999,0.027,0.013,1
0.509,0.002,0.999,0.027,0.013,1
0.488,0.001,0.999,0.028,0.013,1
0.488,0.002,0.998,0.028,0.013,1
0.405,0.001,0.995,0.034,0.013,1
0.317,0.001,0.981,0.043,0.014,1
0.222,0.001,0.923,0.062,0.015,1
0.157,0,0.83,0.088,0.017,1
0.111,0,0.73,0.124,0.019,1
0.088,0,0.643,0.155,0.021,1
0.079,0,0.594,0.175,0.023,1
0.068,0,0.544,0.201,0.025,1
0.062,0,0.516,0.222,0.026,1
0.057,0,0.474,0.24,0.029,1
0.047,0,0.422,0.288,0.033,1
0.038,0,0.355,0.361,0.039,1
0.03,0,0.274,0.457,0.05,1
0.021,0,0.211,0.647,0.065,1
0.015,0,0.149,0.941,0.092,1
0.01,0,0.105,1,0.13,1
0.007,0,0.074,1,0.184,1
0.005,0,0.049,1,0.278,1
0.034,0.007,0.097,0.404,0.14,1
0.085,0.038,0.154,0.162,0.088,0.37
0.103,0.055,0.17,0.134,0.08,0.253
0.099,0.056,0.157,0.139,0.087,0.249
0.108,0.066,0.164,0.127,0.082,0.21
0.134,0.09,0.19,0.102,0.071,0.156
0.146,0.101,0.198,0.094,0.068,0.137
0.173,0.127,0.227,0.079,0.06,0.11
0.148,0.107,0.196,0.093,0.069,0.131
0.197,0.154,0.245,0.07,0.055,0.091
0.199,0.161,0.243,0.069,0.055,0.088
0.172,0.139,0.209,0.08,0.064,0.101
0.197,0.165,0.232,0.07,0.057,0.085
0.166,0.138,0.195,0.083,0.068,0.102
0.133,0.11,0.157,0.104,0.085,0.127
0.118,0.098,0.139,0.117,0.095,0.144
0.102,0.086,0.121,0.134,0.11,0.165
0.1,0.084,0.118,0.137,0.113,0.168
0.099,0.084,0.116,0.139,0.115,0.168
0.084,0.07,0.098,0.165,0.135,0.202
0.087,0.074,0.102,0.157,0.13,0.191
NA,NA,NA,NA,NA,NA
NA,NA,NA,NA,NA,NA
NA,NA,NA,NA,NA,NA
NA,NA,NA,NA,NA,NA
NA,NA,NA,NA,NA,NA
NA,NA,NA,NA,NA,NA
NA,NA,NA,NA,NA,NA
NA,NA,NA,NA,NA,NA
NA,NA,NA,NA,NA,NA
NA,NA,NA,NA,NA,NA
NA,NA,NA,NA,NA,NA
NA,NA,NA,NA,NA,NA
NA,NA,NA,NA,NA,NA
NA,NA,NA,NA,NA,NA
NA,NA,NA,NA,NA,NA
NA,NA,NA,NA,NA,NA
NA,NA,NA,NA,NA,NA
NA,NA,NA,NA,NA,NA
NA,NA,NA,NA,NA,NA
NA,NA,NA,NA,NA,NA
NA,NA,NA,NA,NA,NA
NA,NA,NA,NA,NA,NA
NA,NA,NA,NA,NA,NA
NA,NA,NA,NA,NA,NA
NA,NA,NA,NA,NA,NA
NA,NA,NA,NA,NA,NA
NA,NA,NA,NA,NA,NA
NA,NA,NA,NA,NA,NA
NA,NA,NA,NA,NA,NA
NA,NA,NA,NA,NA,NA
NA,NA,NA,NA,NA,NA
NA,NA,NA,NA,NA,NA
NA,NA,NA,NA,NA,NA
0.506,0.001,0.998,0.027,0.013,1
0.489,0.002,0.998,0.028,0.013,1
0.498,0.001,0.999,0.028,0.013,1
0.503,0.001,0.999,0.027,0.013,1
0.491,0.001,0.998,0.028,0.013,1
0.442,0.001,0.996,0.031,0.013,1
0.363,0.001,0.989,0.038,0.014,1
0.255,0.001,0.953,0.054,0.014,1
0.181,0,0.871,0.076,0.016,1
0.141,0,0.816,0.098,0.017,1
0.121,0,0.745,0.113,0.018,1
0.104,0,0.707,0.132,0.02,1
0.1,0,0.691,0.137,0.02,1
0.108,0,0.707,0.127,0.019,1
0.121,0,0.76,0.114,0.018,1
0.147,0,0.825,0.094,0.017,1
0.197,0.001,0.907,0.07,0.015,1
0.265,0.001,0.961,0.052,0.014,1
0.353,0.001,0.987,0.039,0.014,1
0.407,0.001,0.994,0.034,0.013,1
0.464,0.001,0.997,0.03,0.013,1
0.479,0.001,0.998,0.029,0.013,1
0.496,0.001,0.998,0.028,0.013,1
0.496,0.001,0.999,0.028,0.013,1
0.496,0.002,0.999,0.028,0.013,1
0.502,0.002,0.999,0.027,0.013,1
0.488,0.002,0.999,0.028,0.013,1
0.508,0.001,0.998,0.027,0.013,1
0.491,0.001,0.998,0.028,0.013,1
0.497,0.001,0.998,0.028,0.013,1
0.514,0.001,0.998,0.027,0.013,1
0.496,0.002,0.999,0.028,0.013,1
0.49,0.001,0.998,0.028,0.013,1
0.497,0.002,0.999,0.028,0.013,1
0.505,0.001,0.998,0.027,0.013,1
0.504,0.001,0.998,0.027,0.013,1
0.479,0.001,0.998,0.029,0.013,1
0.403,0.001,0.994,0.034,0.013,1
0.296,0.001,0.976,0.046,0.014,1
0.207,0,0.914,0.066,0.015,1
0.14,0,0.797,0.097,0.017,1
0.093,0,0.672,0.147,0.02,1
0.067,0,0.536,0.205,0.026,1
0.049,0,0.428,0.279,0.032,1
0.04,0,0.351,0.35,0.039,1
0.032,0,0.297,0.423,0.046,1
0.026,0,0.259,0.523,0.053,1
0.02,0,0.195,0.687,0.069,1
0.014,0,0.151,0.95,0.09,1
0.01,0,0.103,1,0.131,1
0.008,0,0.081,1,0.168,1
0.006,0,0.061,1,0.224,1
0.004,0,0.047,1,0.296,1
0.003,0,0.037,1,0.372,1
0.025,0.005,0.071,0.558,0.192,1
0.037,0.012,0.084,0.37,0.164,1
0.036,0.013,0.074,0.381,0.183,1
0.045,0.021,0.082,0.304,0.165,0.657
0.046,0.023,0.078,0.301,0.175,0.599
0.063,0.038,0.097,0.217,0.141,0.364
0.075,0.05,0.107,0.184,0.127,0.281
0.073,0.051,0.102,0.188,0.131,0.275
0.065,0.045,0.091,0.212,0.149,0.311
0.068,0.049,0.091,0.202,0.149,0.286
0.055,0.039,0.074,0.252,0.183,0.358
0.044,0.032,0.06,0.309,0.224,0.435
0.04,0.03,0.054,0.341,0.251,0.473
0.031,0.023,0.041,0.443,0.326,0.622
0.03,0.022,0.039,0.462,0.344,0.634
0.032,0.025,0.041,0.431,0.329,0.568
0.028,0.022,0.035,0.492,0.378,0.652
NA,NA,NA,NA,NA,NA
NA,NA,NA,NA,NA,NA
NA,NA,NA,NA,NA,NA
NA,NA,NA,NA,NA,NA
NA,NA,NA,NA,NA,NA
NA,NA,NA,NA,NA,NA
NA,NA,NA,NA,NA,NA
NA,NA,NA,NA,NA,NA
NA,NA,NA,NA,NA,NA
NA,NA,NA,NA,NA,NA
NA,NA,NA,NA,NA,NA
NA,NA,NA,NA,NA,NA
NA,NA,NA,NA,NA,NA
NA,NA,NA,NA,NA,NA
NA,NA,NA,NA,NA,NA
NA,NA,NA,NA,NA,NA
NA,NA,NA,NA,NA,NA
NA,NA,NA,NA,NA,NA
NA,NA,NA,NA,NA,NA
NA,NA,NA,NA,NA,NA
NA,NA,NA,NA,NA,NA
0.501,0.001,0.998,0.027,0.013,1
0.497,0.002,0.998,0.028,0.013,1
0.497,0.002,0.998,0.028,0.013,1
0.502,0.002,0.999,0.027,0.013,1
0.494,0.001,0.998,0.028,0.013,1
0.486,0.002,0.997,0.028,0.013,1
0.423,0.001,0.995,0.033,0.013,1
0.342,0.001,0.983,0.04,0.014,1
0.273,0.001,0.961,0.051,0.014,1
0.22,0.001,0.932,0.062,0.015,1
0.183,0,0.868,0.075,0.016,1
0.146,0,0.825,0.094,0.017,1
0.126,0,0.762,0.11,0.018,1
0.098,0,0.686,0.141,0.02,1
0.088,0,0.625,0.155,0.022,1
0.08,0,0.609,0.173,0.023,1
0.071,0,0.552,0.194,0.025,1
0.063,0,0.521,0.216,0.026,1
0.052,0,0.451,0.262,0.03,1
0.041,0,0.37,0.331,0.037,1
0.033,0,0.294,0.419,0.047,1
0.025,0,0.249,0.547,0.055,1
0.021,0,0.217,0.648,0.063,1
0.019,0,0.188,0.727,0.073,1
0.017,0,0.168,0.81,0.082,1
0.016,0,0.167,0.865,0.083,1
0.015,0,0.158,0.912,0.086,1
0.016,0,0.163,0.874,0.083,1
0.017,0,0.179,0.797,0.077,1
0.018,0,0.185,0.773,0.073,1
0.02,0,0.203,0.69,0.069,1
0.116,0.011,0.387,0.118,0.035,1
0.251,0.056,0.568,0.055,0.024,0.246
0.719,0.369,0.945,0.019,0.014,0.038
1,1,1,0.014,0.012,0.015
1,1,1,0.014,0.012,0.015
1,1,1,0.014,0.012,0.015
0.894,0.675,0.987,0.015,0.013,0.021
0.386,0.233,0.562,0.036,0.024,0.06
0.2,0.117,0.302,0.069,0.045,0.119
0.086,0.046,0.138,0.161,0.099,0.297
0.061,0.036,0.094,0.227,0.145,0.39
0.051,0.033,0.076,0.268,0.178,0.429
0.038,0.024,0.056,0.364,0.241,0.569
0.031,0.02,0.045,0.448,0.301,0.705
0.029,0.02,0.041,0.467,0.327,0.689
0.022,0.015,0.031,0.633,0.44,0.947
0.02,0.014,0.028,0.681,0.487,0.997
0.014,0.01,0.02,0.971,0.677,1
0.01,0.007,0.015,1,0.905,1
0.01,0.006,0.014,1,0.99,1
0.009,0.006,0.013,1,1,1
0.007,0.005,0.01,1,1,1
0.007,0.005,0.01,1,1,1
0.006,0.004,0.009,1,1,1
0.006,0.004,0.009,1,1,1
0.007,0.005,0.01,1,1,1
0.008,0.005,0.011,1,1,1
0.008,0.005,0.012,1,1,1
0.012,0.008,0.017,1,0.811,1
0.013,0.009,0.018,1,0.752,1
0.014,0.01,0.02,0.973,0.679,1
0.022,0.016,0.03,0.627,0.456,0.885
0.027,0.02,0.036,0.505,0.371,0.715
0.034,0.024,0.045,0.41,0.299,0.575
0.04,0.029,0.053,0.344,0.253,0.484
0.045,0.033,0.06,0.305,0.226,0.427
0.052,0.038,0.069,0.263,0.193,0.37
0.065,0.049,0.084,0.212,0.16,0.287
0.063,0.047,0.082,0.219,0.163,0.3
0.06,0.044,0.079,0.228,0.171,0.315
0.052,0.037,0.07,0.266,0.192,0.374
0.053,0.039,0.072,0.258,0.187,0.362
0.05,0.035,0.067,0.277,0.201,0.4
0.047,0.033,0.064,0.292,0.21,0.422
0.045,0.031,0.062,0.308,0.218,0.448
0.041,0.027,0.057,0.339,0.236,0.508
0.042,0.029,0.059,0.325,0.23,0.482
0.054,0.038,0.072,0.257,0.187,0.37
0.05,0.036,0.068,0.273,0.198,0.389
0.049,0.034,0.066,0.284,0.204,0.408
0.044,0.031,0.061,0.31,0.22,0.452
0.045,0.031,0.062,0.308,0.218,0.451
NA,NA,NA,NA,NA,NA
NA,NA,NA,NA,NA,NA
NA,NA,NA,NA,NA,NA
NA,NA,NA,NA,NA,NA
NA,NA,NA,NA,NA,NA
NA,NA,NA,NA,NA,NA
NA,NA,NA,NA,NA,NA
NA,NA,NA,NA,NA,NA
NA,NA,NA,NA,NA,NA
NA,NA,NA,NA,NA,NA
NA,NA,NA,NA,NA,NA
NA,NA,NA,NA,NA,NA
NA,NA,NA,NA,NA,NA
NA,NA,NA,NA,NA,NA
NA,NA,NA,NA,NA,NA
NA,NA,NA,NA,NA,NA
NA,NA,NA,NA,NA,NA
NA,NA,NA,NA,NA,NA
NA,NA,NA,NA,NA,NA
NA,NA,NA,NA,NA,NA
NA,NA,NA,NA,NA,NA
NA,NA,NA,NA,NA,NA
NA,NA,NA,NA,NA,NA
NA,NA,NA,NA,NA,NA
NA,NA,NA,NA,NA,NA
NA,NA,NA,NA,NA,NA
NA,NA,NA,NA,NA,NA
NA,NA,NA,NA,NA,NA
NA,NA,NA,NA,NA,NA
NA,NA,NA,NA,NA,NA
NA,NA,NA,NA,NA,NA
NA,NA,NA,NA,NA,NA
NA,NA,NA,NA,NA,NA
0.506,0.002,0.999,0.027,0.013,1
0.498,0.002,0.999,0.028,0.013,1
0.506,0.002,0.999,0.027,0.013,1
0.507,0.002,0.998,0.027,0.013,1
0.5,0.001,0.999,0.028,0.013,1
0.478,0.001,0.998,0.029,0.013,1
0.402,0.001,0.995,0.034,0.013,1
0.345,0.001,0.986,0.04,0.014,1
0.273,0.001,0.961,0.05,0.014,1
0.224,0,0.928,0.061,0.015,1
0.199,0,0.901,0.069,0.015,1
0.18,0,0.883,0.076,0.015,1
0.179,0,0.874,0.076,0.016,1
0.175,0,0.877,0.079,0.016,1
0.189,0,0.9,0.073,0.015,1
0.205,0,0.925,0.067,0.015,1
0.222,0.001,0.93,0.062,0.015,1
0.217,0.001,0.921,0.063,0.015,1
0.194,0,0.909,0.071,0.015,1
0.181,0,0.88,0.076,0.015,1
0.175,0,0.87,0.079,0.016,1
0.179,0,0.873,0.077,0.016,1
0.179,0,0.875,0.077,0.016,1
0.2,0,0.892,0.069,0.015,1
0.226,0.001,0.944,0.061,0.015,1
0.28,0.001,0.969,0.049,0.014,1
0.35,0.001,0.986,0.039,0.014,1
0.437,0.001,0.995,0.031,0.013,1
0.45,0.001,0.997,0.031,0.013,1
0.444,0.001,0.996,0.031,0.013,1
0.341,0.001,0.985,0.04,0.014,1
0.192,0.001,0.895,0.071,0.015,1
0.458,0.051,0.91,0.03,0.015,0.271
0.575,0.202,0.9,0.024,0.015,0.069
0.485,0.214,0.761,0.028,0.018,0.064
0.273,0.113,0.494,0.051,0.027,0.123
0.167,0.065,0.325,0.082,0.042,0.212
0.599,0.458,0.73,0.023,0.018,0.031
0.523,0.402,0.635,0.026,0.021,0.035
0.498,0.397,0.6,0.028,0.022,0.035
0.655,0.57,0.734,0.021,0.018,0.025
0.712,0.641,0.777,0.019,0.017,0.022
0.615,0.548,0.68,0.022,0.019,0.026
0.997,0.986,1,0.014,0.012,0.015
0.709,0.664,0.752,0.019,0.017,0.022
0.79,0.756,0.822,0.017,0.015,0.02
0.65,0.618,0.682,0.021,0.019,0.024
0.559,0.531,0.587,0.025,0.022,0.028
0.509,0.486,0.533,0.027,0.024,0.03
0.493,0.473,0.513,0.028,0.025,0.031
0.435,0.418,0.451,0.032,0.028,0.036
0.428,0.414,0.443,0.032,0.029,0.036
0.394,0.381,0.407,0.035,0.031,0.039
0.407,0.396,0.419,0.034,0.03,0.038
0.391,0.381,0.402,0.035,0.031,0.039
0.378,0.369,0.388,0.036,0.032,0.041
0.36,0.352,0.369,0.038,0.034,0.043
0.338,0.33,0.346,0.041,0.036,0.045
0.312,0.305,0.319,0.044,0.039,0.049
0.287,0.281,0.293,0.048,0.043,0.053
0.253,0.248,0.259,0.054,0.048,0.06
0.23,0.225,0.235,0.06,0.053,0.067
0.204,0.199,0.209,0.067,0.06,0.075
0.177,0.173,0.181,0.078,0.069,0.087
0.153,0.15,0.157,0.09,0.08,0.1
0.135,0.131,0.138,0.102,0.091,0.114
0.122,0.119,0.125,0.113,0.101,0.126
0.113,0.11,0.116,0.122,0.109,0.136
0.103,0.1,0.105,0.134,0.12,0.149
0.094,0.091,0.096,0.147,0.131,0.164
0.087,0.084,0.089,0.158,0.141,0.177
NA,NA,NA,NA,NA,NA
NA,NA,NA,NA,NA,NA
NA,NA,NA,NA,NA,NA
NA,NA,NA,NA,NA,NA
NA,NA,NA,NA,NA,NA
NA,NA,NA,NA,NA,NA
NA,NA,NA,NA,NA,NA
NA,NA,NA,NA,NA,NA
NA,NA,NA,NA,NA,NA
NA,NA,NA,NA,NA,NA
NA,NA,NA,NA,NA,NA
NA,NA,NA,NA,NA,NA
NA,NA,NA,NA,NA,NA
NA,NA,NA,NA,NA,NA
NA,NA,NA,NA,NA,NA
NA,NA,NA,NA,NA,NA
NA,NA,NA,NA,NA,NA
NA,NA,NA,NA,NA,NA
NA,NA,NA,NA,NA,NA
NA,NA,NA,NA,NA,NA
NA,NA,NA,NA,NA,NA
NA,NA,NA,NA,NA,NA
NA,NA,NA,NA,NA,NA
NA,NA,NA,NA,NA,NA
NA,NA,NA,NA,NA,NA
NA,NA,NA,NA,NA,NA
NA,NA,NA,NA,NA,NA
NA,NA,NA,NA,NA,NA
NA,NA,NA,NA,NA,NA
NA,NA,NA,NA,NA,NA
NA,NA,NA,NA,NA,NA
NA,NA,NA,NA,NA,NA
NA,NA,NA,NA,NA,NA
0.509,0.001,0.999,0.027,0.013,1
0.499,0.002,0.998,0.027,0.013,1
0.506,0.002,0.999,0.027,0.013,1
0.499,0.002,0.998,0.028,0.013,1
0.483,0.001,0.998,0.028,0.013,1
0.482,0.001,0.998,0.029,0.013,1
0.415,0.001,0.995,0.033,0.013,1
0.335,0.001,0.985,0.041,0.014,1
0.273,0.001,0.962,0.05,0.014,1
0.224,0,0.933,0.061,0.015,1
0.191,0,0.895,0.072,0.015,1
0.174,0,0.884,0.079,0.015,1
0.176,0,0.874,0.078,0.016,1
0.178,0,0.883,0.077,0.015,1
0.2,0,0.909,0.069,0.015,1
0.241,0.001,0.94,0.057,0.015,1
0.283,0.001,0.971,0.048,0.014,1
0.356,0.001,0.988,0.038,0.014,1
0.4,0.001,0.994,0.034,0.014,1
0.458,0.001,0.997,0.03,0.013,1
0.475,0.002,0.998,0.029,0.013,1
0.497,0.001,0.998,0.028,0.013,1
0.485,0.001,0.998,0.029,0.013,1
0.507,0.002,0.999,0.027,0.013,1
0.49,0.001,0.999,0.028,0.013,1
0.486,0.001,0.998,0.028,0.013,1
0.504,0.002,0.998,0.027,0.013,1
0.509,0.001,0.998,0.027,0.013,1
0.493,0.001,0.999,0.028,0.013,1
0.502,0.002,0.999,0.028,0.013,1
0.494,0.002,0.998,0.028,0.013,1
0.453,0.001,0.998,0.031,0.013,1
0.334,0.001,0.984,0.041,0.014,1
0.183,0,0.883,0.075,0.016,1
0.089,0,0.655,0.155,0.021,1
0.05,0,0.429,0.277,0.032,1
0.033,0,0.312,0.415,0.044,1
0.025,0,0.244,0.548,0.057,1
0.018,0,0.189,0.768,0.073,1
0.073,0.007,0.268,0.189,0.051,1
0.05,0.005,0.186,0.273,0.073,1
0.033,0.003,0.125,0.419,0.109,1
0.021,0.002,0.082,0.647,0.166,1
0.037,0.01,0.092,0.367,0.149,1
0.061,0.026,0.112,0.226,0.122,0.529
0.052,0.024,0.094,0.267,0.144,0.569
0.043,0.021,0.078,0.317,0.175,0.651
0.033,0.016,0.058,0.413,0.232,0.864
0.042,0.025,0.066,0.324,0.205,0.558
0.043,0.026,0.064,0.319,0.21,0.527
0.033,0.02,0.051,0.411,0.265,0.681
0.029,0.018,0.043,0.479,0.314,0.795
0.04,0.027,0.056,0.348,0.242,0.516
0.042,0.029,0.058,0.329,0.235,0.478
0.07,0.054,0.089,0.197,0.151,0.263
0.093,0.074,0.113,0.148,0.118,0.191
0.099,0.08,0.12,0.139,0.111,0.176
0.107,0.086,0.128,0.129,0.104,0.163
0.143,0.12,0.167,0.096,0.079,0.118
0.164,0.141,0.19,0.084,0.07,0.101
0.212,0.187,0.239,0.065,0.055,0.077
0.214,0.189,0.24,0.064,0.055,0.076
0.216,0.193,0.242,0.064,0.054,0.074
0.22,0.197,0.243,0.063,0.054,0.073
0.213,0.192,0.235,0.065,0.056,0.075
0.219,0.199,0.24,0.063,0.054,0.072
0.246,0.226,0.267,0.056,0.049,0.064
0.243,0.224,0.263,0.057,0.049,0.065
0.252,0.233,0.27,0.055,0.048,0.062
0.24,0.222,0.258,0.057,0.05,0.065
0.21,0.194,0.226,0.065,0.057,0.075
NA,NA,NA,NA,NA,NA
NA,NA,NA,NA,NA,NA
NA,NA,NA,NA,NA,NA
NA,NA,NA,NA,NA,NA
NA,NA,NA,NA,NA,NA
NA,NA,NA,NA,NA,NA
NA,NA,NA,NA,NA,NA
NA,NA,NA,NA,NA,NA
NA,NA,NA,NA,NA,NA
NA,NA,NA,NA,NA,NA
NA,NA,NA,NA,NA,NA
NA,NA,NA,NA,NA,NA
NA,NA,NA,NA,NA,NA
NA,NA,NA,NA,NA,NA
NA,NA,NA,NA,NA,NA
NA,NA,NA,NA,NA,NA
NA,NA,NA,NA,NA,NA
NA,NA,NA,NA,NA,NA
NA,NA,NA,NA,NA,NA
NA,NA,NA,NA,NA,NA
NA,NA,NA,NA,NA,NA
NA,NA,NA,NA,NA,NA
NA,NA,NA,NA,NA,NA
NA,NA,NA,NA,NA,NA
NA,NA,NA,NA,NA,NA
NA,NA,NA,NA,NA,NA
NA,NA,NA,NA,NA,NA
NA,NA,NA,NA,NA,NA
NA,NA,NA,NA,NA,NA
NA,NA,NA,NA,NA,NA
NA,NA,NA,NA,NA,NA
NA,NA,NA,NA,NA,NA
NA,NA,NA,NA,NA,NA
NA,NA,NA,NA,NA,NA
NA,NA,NA,NA,NA,NA
NA,NA,NA,NA,NA,NA
NA,NA,NA,NA,NA,NA
NA,NA,NA,NA,NA,NA
NA,NA,NA,NA,NA,NA
NA,NA,NA,NA,NA,NA
NA,NA,NA,NA,NA,NA
NA,NA,NA,NA,NA,NA
NA,NA,NA,NA,NA,NA
NA,NA,NA,NA,NA,NA
NA,NA,NA,NA,NA,NA
NA,NA,NA,NA,NA,NA
NA,NA,NA,NA,NA,NA
NA,NA,NA,NA,NA,NA
NA,NA,NA,NA,NA,NA
NA,NA,NA,NA,NA,NA
NA,NA,NA,NA,NA,NA
NA,NA,NA,NA,NA,NA
NA,NA,NA,NA,NA,NA
NA,NA,NA,NA,NA,NA
NA,NA,NA,NA,NA,NA
NA,NA,NA,NA,NA,NA
NA,NA,NA,NA,NA,NA
NA,NA,NA,NA,NA,NA
0.503,0.002,0.999,0.027,0.013,1
0.5,0.002,0.998,0.028,0.013,1
0.509,0.002,0.998,0.027,0.013,1
0.509,0.002,0.999,0.027,0.013,1
0.495,0.001,0.998,0.028,0.013,1
0.464,0.002,0.998,0.03,0.013,1
0.399,0.001,0.994,0.034,0.013,1
0.271,0.001,0.955,0.051,0.014,1
0.722,0.114,0.995,0.019,0.013,0.12
0.363,0.042,0.831,0.038,0.016,0.327
0.205,0.02,0.594,0.067,0.023,0.668
0.229,0.049,0.544,0.06,0.025,0.284
0.154,0.032,0.391,0.09,0.035,0.432
0.163,0.045,0.367,0.085,0.037,0.31
0.156,0.054,0.319,0.088,0.042,0.257
0.082,0.023,0.197,0.167,0.069,0.611
0.105,0.045,0.2,0.131,0.068,0.309
0.112,0.058,0.186,0.123,0.073,0.24
0.083,0.045,0.138,0.166,0.099,0.31
0.065,0.036,0.106,0.213,0.128,0.394
0.065,0.039,0.1,0.21,0.136,0.352
0.054,0.033,0.083,0.256,0.164,0.422
0.072,0.05,0.099,0.191,0.136,0.281
0.07,0.051,0.094,0.196,0.143,0.275
0.069,0.052,0.09,0.199,0.149,0.272
0.057,0.042,0.074,0.243,0.184,0.334
0.049,0.038,0.063,0.279,0.212,0.373
0.051,0.04,0.063,0.272,0.212,0.355
0.051,0.041,0.062,0.269,0.214,0.342
0.067,0.056,0.079,0.206,0.169,0.252
0.068,0.058,0.078,0.204,0.169,0.246
0.066,0.057,0.075,0.209,0.176,0.251
0.061,0.053,0.069,0.227,0.19,0.271
0.06,0.053,0.068,0.23,0.194,0.271
0.065,0.058,0.073,0.211,0.181,0.247
0.055,0.049,0.062,0.25,0.213,0.294
0.049,0.044,0.055,0.281,0.24,0.328
0.048,0.043,0.053,0.288,0.247,0.337
0.048,0.043,0.053,0.289,0.248,0.338
0.045,0.04,0.05,0.306,0.262,0.357
0.042,0.037,0.047,0.33,0.282,0.387
0.038,0.034,0.042,0.364,0.311,0.427
0.045,0.041,0.05,0.303,0.261,0.353
0.045,0.04,0.05,0.308,0.265,0.361
0.044,0.039,0.049,0.313,0.268,0.364
0.04,0.036,0.045,0.344,0.295,0.402
NA,NA,NA,NA,NA,NA
NA,NA,NA,NA,NA,NA
NA,NA,NA,NA,NA,NA
NA,NA,NA,NA,NA,NA
NA,NA,NA,NA,NA,NA
NA,NA,NA,NA,NA,NA
NA,NA,NA,NA,NA,NA
NA,NA,NA,NA,NA,NA
NA,NA,NA,NA,NA,NA
NA,NA,NA,NA,NA,NA
NA,NA,NA,NA,NA,NA
NA,NA,NA,NA,NA,NA
NA,NA,NA,NA,NA,NA
NA,NA,NA,NA,NA,NA
NA,NA,NA,NA,NA,NA
NA,NA,NA,NA,NA,NA
NA,NA,NA,NA,NA,NA
NA,NA,NA,NA,NA,NA
NA,NA,NA,NA,NA,NA
NA,NA,NA,NA,NA,NA
NA,NA,NA,NA,NA,NA
NA,NA,NA,NA,NA,NA
NA,NA,NA,NA,NA,NA
NA,NA,NA,NA,NA,NA
NA,NA,NA,NA,NA,NA
NA,NA,NA,NA,NA,NA
NA,NA,NA,NA,NA,NA
NA,NA,NA,NA,NA,NA
NA,NA,NA,NA,NA,NA
NA,NA,NA,NA,NA,NA
NA,NA,NA,NA,NA,NA
NA,NA,NA,NA,NA,NA
NA,NA,NA,NA,NA,NA
NA,NA,NA,NA,NA,NA
NA,NA,NA,NA,NA,NA
NA,NA,NA,NA,NA,NA
NA,NA,NA,NA,NA,NA
NA,NA,NA,NA,NA,NA
NA,NA,NA,NA,NA,NA
NA,NA,NA,NA,NA,NA
NA,NA,NA,NA,NA,NA
NA,NA,NA,NA,NA,NA
NA,NA,NA,NA,NA,NA
NA,NA,NA,NA,NA,NA
NA,NA,NA,NA,NA,NA
NA,NA,NA,NA,NA,NA
NA,NA,NA,NA,NA,NA
NA,NA,NA,NA,NA,NA
NA,NA,NA,NA,NA,NA
NA,NA,NA,NA,NA,NA
NA,NA,NA,NA,NA,NA
NA,NA,NA,NA,NA,NA
NA,NA,NA,NA,NA,NA
NA,NA,NA,NA,NA,NA
NA,NA,NA,NA,NA,NA
NA,NA,NA,NA,NA,NA
NA,NA,NA,NA,NA,NA
NA,NA,NA,NA,NA,NA
NA,NA,NA,NA,NA,NA
NA,NA,NA,NA,NA,NA
NA,NA,NA,NA,NA,NA
NA,NA,NA,NA,NA,NA
NA,NA,NA,NA,NA,NA
NA,NA,NA,NA,NA,NA
NA,NA,NA,NA,NA,NA
NA,NA,NA,NA,NA,NA
NA,NA,NA,NA,NA,NA
NA,NA,NA,NA,NA,NA
NA,NA,NA,NA,NA,NA
NA,NA,NA,NA,NA,NA
NA,NA,NA,NA,NA,NA
NA,NA,NA,NA,NA,NA
NA,NA,NA,NA,NA,NA
0.497,0.001,0.998,0.028,0.013,1
0.506,0.001,0.998,0.027,0.013,1
0.497,0.002,0.999,0.028,0.013,1
0.498,0.001,0.998,0.028,0.013,1
0.506,0.002,0.999,0.027,0.013,1
0.467,0.001,0.998,0.029,0.013,1
1,1,1,0.014,0.012,0.015
1,1,1,0.014,0.012,0.015
1,1,1,0.014,0.012,0.015
1,1,1,0.014,0.012,0.015
1,1,1,0.014,0.012,0.015
1,1,1,0.014,0.012,0.015
1,1,1,0.014,0.012,0.015
1,1,1,0.014,0.012,0.015
0.695,0.602,0.778,0.02,0.017,0.024
0.44,0.371,0.511,0.031,0.026,0.038
0.271,0.226,0.322,0.051,0.041,0.063
0.202,0.169,0.238,0.068,0.056,0.084
0.182,0.155,0.211,0.076,0.063,0.092
0.175,0.151,0.2,0.079,0.066,0.094
0.172,0.151,0.193,0.08,0.068,0.094
0.169,0.152,0.188,0.081,0.07,0.095
0.15,0.136,0.166,0.091,0.079,0.105
0.131,0.12,0.144,0.105,0.091,0.121
0.11,0.101,0.121,0.124,0.108,0.143
0.092,0.084,0.1,0.149,0.13,0.172
0.077,0.071,0.084,0.178,0.155,0.204
0.066,0.06,0.071,0.209,0.183,0.239
0.057,0.052,0.062,0.242,0.211,0.278
0.052,0.048,0.056,0.266,0.233,0.306
0.047,0.044,0.051,0.292,0.254,0.334
NA,NA,NA,NA,NA,NA
NA,NA,NA,NA,NA,NA
NA,NA,NA,NA,NA,NA
NA,NA,NA,NA,NA,NA
NA,NA,NA,NA,NA,NA
NA,NA,NA,NA,NA,NA
NA,NA,NA,NA,NA,NA
NA,NA,NA,NA,NA,NA
NA,NA,NA,NA,NA,NA
NA,NA,NA,NA,NA,NA
NA,NA,NA,NA,NA,NA
NA,NA,NA,NA,NA,NA
NA,NA,NA,NA,NA,NA
NA,NA,NA,NA,NA,NA
NA,NA,NA,NA,NA,NA
NA,NA,NA,NA,NA,NA
NA,NA,NA,NA,NA,NA
NA,NA,NA,NA,NA,NA
NA,NA,NA,NA,NA,NA
NA,NA,NA,NA,NA,NA
NA,NA,NA,NA,NA,NA
NA,NA,NA,NA,NA,NA
NA,NA,NA,NA,NA,NA
NA,NA,NA,NA,NA,NA
NA,NA,NA,NA,NA,NA
NA,NA,NA,NA,NA,NA
NA,NA,NA,NA,NA,NA
NA,NA,NA,NA,NA,NA
NA,NA,NA,NA,NA,NA
NA,NA,NA,NA,NA,NA
NA,NA,NA,NA,NA,NA
NA,NA,NA,NA,NA,NA
0.505,0.001,0.999,0.027,0.013,1
0.499,0.002,0.998,0.028,0.013,1
0.498,0.002,0.998,0.028,0.013,1
0.507,0.002,0.998,0.027,0.013,1
0.477,0.001,0.998,0.029,0.013,1
0.464,0.001,0.998,0.03,0.013,1
0.36,0.001,0.989,0.038,0.014,1
0.266,0.001,0.951,0.052,0.014,1
0.178,0,0.882,0.077,0.015,1
0.134,0,0.791,0.103,0.017,1
0.121,0,0.742,0.113,0.018,1
0.11,0,0.69,0.125,0.02,1
0.103,0,0.699,0.133,0.02,1
0.097,0,0.684,0.142,0.02,1
0.107,0,0.701,0.129,0.019,1
0.11,0,0.722,0.125,0.019,1
0.107,0,0.711,0.129,0.019,1
0.097,0,0.656,0.143,0.021,1
0.072,0,0.566,0.191,0.024,1
0.056,0,0.475,0.244,0.029,1
0.047,0,0.401,0.29,0.034,1
0.041,0,0.368,0.34,0.037,1
0.039,0,0.355,0.352,0.039,1
0.037,0,0.346,0.368,0.039,1
0.04,0,0.373,0.344,0.037,1
0.048,0,0.431,0.283,0.032,1
0.056,0,0.501,0.243,0.027,1
0.082,0,0.614,0.167,0.022,1
0.119,0,0.761,0.115,0.018,1
0.173,0,0.867,0.079,0.016,1
0.185,0,0.888,0.075,0.015,1
0.145,0,0.823,0.094,0.017,1
0.101,0,0.705,0.137,0.019,1
0.077,0,0.587,0.179,0.023,1
0.31,0.034,0.779,0.044,0.018,0.404
0.238,0.023,0.65,0.058,0.021,0.579
0.328,0.075,0.685,0.042,0.02,0.184
0.344,0.109,0.656,0.04,0.021,0.126
0.396,0.17,0.659,0.035,0.02,0.081
0.332,0.152,0.56,0.041,0.024,0.092
0.228,0.103,0.401,0.06,0.034,0.135
0.231,0.119,0.374,0.06,0.036,0.117
0.156,0.079,0.264,0.088,0.051,0.176
0.228,0.148,0.325,0.06,0.042,0.094
0.278,0.202,0.366,0.05,0.037,0.069
0.33,0.257,0.41,0.042,0.033,0.055
0.28,0.221,0.347,0.049,0.039,0.064
0.408,0.347,0.472,0.034,0.028,0.041
0.465,0.409,0.523,0.03,0.025,0.035
0.476,0.424,0.528,0.029,0.025,0.034
0.483,0.436,0.53,0.028,0.025,0.033
0.439,0.396,0.48,0.031,0.027,0.036
0.389,0.354,0.426,0.035,0.031,0.041
0.396,0.365,0.429,0.035,0.03,0.04
0.313,0.287,0.34,0.044,0.038,0.051
0.298,0.275,0.322,0.046,0.04,0.053
0.318,0.298,0.34,0.043,0.038,0.049
0.346,0.327,0.366,0.04,0.035,0.045
0.342,0.324,0.359,0.04,0.036,0.045
0.324,0.308,0.34,0.042,0.038,0.048
0.349,0.334,0.363,0.039,0.035,0.044
0.449,0.435,0.463,0.031,0.027,0.034
0.432,0.419,0.445,0.032,0.028,0.036
0.444,0.432,0.456,0.031,0.028,0.035
0.433,0.422,0.444,0.032,0.028,0.035
0.412,0.402,0.422,0.033,0.03,0.037
0.376,0.367,0.386,0.037,0.033,0.041
0.359,0.35,0.367,0.038,0.034,0.043
0.328,0.32,0.336,0.042,0.037,0.047
0.321,0.313,0.328,0.043,0.038,0.048
0.302,0.296,0.309,0.045,0.041,0.051
0.283,0.276,0.289,0.049,0.043,0.054
NA,NA,NA,NA,NA,NA
NA,NA,NA,NA,NA,NA
NA,NA,NA,NA,NA,NA
NA,NA,NA,NA,NA,NA
NA,NA,NA,NA,NA,NA
NA,NA,NA,NA,NA,NA
NA,NA,NA,NA,NA,NA
NA,NA,NA,NA,NA,NA
NA,NA,NA,NA,NA,NA
NA,NA,NA,NA,NA,NA
NA,NA,NA,NA,NA,NA
NA,NA,NA,NA,NA,NA
NA,NA,NA,NA,NA,NA
NA,NA,NA,NA,NA,NA
NA,NA,NA,NA,NA,NA
NA,NA,NA,NA,NA,NA
NA,NA,NA,NA,NA,NA
NA,NA,NA,NA,NA,NA
NA,NA,NA,NA,NA,NA
NA,NA,NA,NA,NA,NA
NA,NA,NA,NA,NA,NA
NA,NA,NA,NA,NA,NA
0.499,0.002,0.998,0.028,0.013,1
0.501,0.002,0.999,0.027,0.013,1
0.496,0.001,0.998,0.028,0.013,1
0.507,0.002,0.998,0.027,0.013,1
0.504,0.001,0.998,0.027,0.013,1
0.475,0.002,0.998,0.029,0.013,1
0.412,0.001,0.995,0.033,0.013,1
0.351,0.001,0.984,0.039,0.014,1
0.269,0.001,0.957,0.051,0.014,1
0.217,0.001,0.924,0.064,0.015,1
0.178,0.001,0.881,0.077,0.016,1
0.14,0,0.807,0.098,0.017,1
0.11,0,0.718,0.125,0.019,1
0.088,0,0.636,0.156,0.022,1
0.072,0,0.562,0.192,0.024,1
0.06,0,0.489,0.229,0.028,1
0.057,0,0.47,0.243,0.029,1
0.051,0,0.443,0.272,0.031,1
0.047,0,0.41,0.291,0.033,1
0.043,0,0.386,0.318,0.035,1
0.042,0,0.364,0.332,0.038,1
0.039,0,0.35,0.358,0.039,1
0.037,0,0.34,0.376,0.04,1
0.036,0,0.32,0.377,0.043,1
0.036,0,0.335,0.384,0.041,1
0.037,0,0.343,0.374,0.04,1
0.041,0,0.365,0.333,0.037,1
0.047,0,0.415,0.295,0.033,1
0.057,0,0.48,0.241,0.028,1
0.069,0,0.547,0.197,0.025,1
0.077,0,0.591,0.178,0.023,1
0.081,0,0.605,0.171,0.023,1
0.08,0,0.606,0.174,0.023,1
0.077,0,0.568,0.179,0.024,1
0.072,0,0.581,0.191,0.024,1
0.078,0,0.59,0.177,0.023,1
0.079,0,0.609,0.173,0.023,1
0.074,0,0.593,0.184,0.023,1
0.056,0,0.467,0.246,0.029,1
0.181,0.018,0.546,0.076,0.025,0.746
0.215,0.042,0.509,0.064,0.027,0.326
0.407,0.19,0.655,0.034,0.021,0.072
0.445,0.248,0.656,0.031,0.021,0.055
0.421,0.249,0.61,0.033,0.022,0.055
0.385,0.23,0.558,0.036,0.024,0.061
0.399,0.252,0.56,0.035,0.024,0.055
0.43,0.281,0.587,0.032,0.023,0.049
0.489,0.338,0.641,0.028,0.021,0.041
0.486,0.336,0.633,0.028,0.021,0.042
0.412,0.28,0.555,0.033,0.024,0.05
0.342,0.228,0.469,0.04,0.029,0.061
0.38,0.276,0.492,0.036,0.027,0.051
0.317,0.233,0.411,0.043,0.033,0.06
0.265,0.198,0.337,0.052,0.04,0.07
0.222,0.169,0.28,0.062,0.048,0.083
0.195,0.153,0.242,0.071,0.055,0.092
0.192,0.156,0.233,0.072,0.058,0.09
0.213,0.181,0.249,0.065,0.053,0.079
0.147,0.123,0.174,0.094,0.076,0.115
0.217,0.192,0.244,0.063,0.054,0.075
0.222,0.199,0.244,0.062,0.054,0.072
0.242,0.222,0.263,0.057,0.049,0.065
0.235,0.217,0.253,0.059,0.051,0.067
0.246,0.23,0.262,0.056,0.049,0.063
0.238,0.224,0.251,0.058,0.051,0.066
0.218,0.207,0.229,0.063,0.056,0.071
0.194,0.185,0.203,0.071,0.063,0.08
0.175,0.168,0.182,0.078,0.07,0.088
0.138,0.133,0.144,0.099,0.088,0.111
0.129,0.124,0.134,0.107,0.095,0.119
0.124,0.12,0.128,0.111,0.099,0.124
0.121,0.117,0.124,0.114,0.102,0.127
0.112,0.109,0.115,0.122,0.109,0.136
0.105,0.103,0.108,0.131,0.116,0.146
0.101,0.099,0.104,0.136,0.121,0.151
0.097,0.095,0.1,0.141,0.126,0.158
0.092,0.09,0.094,0.149,0.133,0.167
0.091,0.089,0.093,0.151,0.135,0.168
0.089,0.087,0.091,0.154,0.138,0.172
0.088,0.086,0.089,0.157,0.14,0.175
0.087,0.085,0.088,0.159,0.142,0.177
0.082,0.081,0.084,0.167,0.149,0.186
